X_1,X_2,Crate_Size,Carton_Count,Crate_Count
0.88336841,0.346975221,1,200,94
0.527249169,0.548629417,0.484160251,200,63
0.734961865,0.764114782,1,100,41
0.435499643,0.608883897,1,50,6
0.586806452,0.385017824,0.767135935,150,32
0.929317206,0.524599426,0.185349764,200,659
0.814634831,0.228102337,1,150,51
0.837007187,0.150933921,0.418397622,200,164
0.3083078,0.873688952,0.51033172,100,15
0.738696745,0.502355274,1,150,50
0.149706275,0.41184877,0.617941834,150,3
0.400140026,0.892178377,1,50,7
0.38511378,0.994144514,0.206068233,100,64
0.668697601,0.151773865,1,150,28
0.47004148,0.46987863,1,200,21
0.113886938,0.607781931,0.032535746,200,60
0.187105856,0.858930725,1,50,2
0.799447277,0.560086701,0.544424157,150,117
0.984101089,0.622065411,0.939648044,150,121
0.147669028,0.868742689,0.02272269,50,55
0.801436109,0.778179726,1,200,102
0.019953416,0.364387318,0.924850284,200,1
0.276700777,0.52242951,1,100,4
0.226745504,0.643607739,1,100,3
0.65150732,0.589983362,1,150,40
0.877751182,0.648068696,1,150,87
0.964685366,0.160802469,0.307949197,150,254
0.606957842,0.600729527,0.573853112,50,20
0.775854604,0.231220709,0.396052002,200,150
0.946938254,0.233718069,0.780311668,50,34
0.598919362,0.794118459,1,50,13
0.098152529,0.893741549,1,50,1
0.298865919,0.55296825,1,50,3
0.405299817,0.80031182,0.71484177,200,32
0.155734473,0.024261934,1,150,1
0.794176848,0.439488995,1,150,57
0.357697888,0.161584219,0.348301534,150,14
0.997268201,0.720236115,1,100,84
0.73676368,0.762378458,1,50,21
0.797521474,0.298587487,0.676790967,150,76
0.924682672,0.51812573,1,50,30
0.877841942,0.770018503,1,100,63
0.564546155,0.419081436,0.36002417,100,43
0.388938514,0.205851593,1,150,7
0.687974703,0.765313763,0.332034619,50,53
0.919058319,0.767835344,0.313013087,100,225
0.831516725,0.279064734,0.73192537,100,52
0.135699877,0.996665309,1,100,3
0.24950834,0.095428707,1,50,1
0.530241588,0.584592486,1,100,16
0.201562327,0.407182513,1,200,3
0.154303708,0.593476511,0.733336148,100,2
0.782781141,0.327920438,0.71150457,50,24
0.617572928,0.577991544,1,150,34
0.937378187,0.014156119,0.720204253,50,30
0.687261984,0.069424694,1,100,18
0.621604635,0.360407534,0.023243959,200,1589
0.972183984,0.048504907,1,100,49
0.377602407,0.4954991,1,50,4
0.564085113,0.361098109,1,150,22
0.653644991,0.346701555,0.92077902,150,34
0.599849261,0.856220849,0.026898563,100,1027
0.446504744,0.14293411,0.08349223,100,69
0.835197348,0.078268878,0.785951953,150,62
0.664633529,0.679073848,0.054534265,150,819
0.497154538,0.373655008,0.438232296,50,13
0.153761597,0.370133524,0.915769059,150,2
0.449003174,0.911437258,0.558530616,200,57
0.474201978,0.032757277,0.103507801,50,28
0.526162179,0.723650773,1,100,19
0.646745371,0.736179218,1,150,45
0.888398953,0.003829075,0.248041397,150,218
0.801361386,0.010732485,0.227140426,200,235
0.608556339,0.387484058,1,200,36
0.184120131,0.135427433,1,150,1
0.263691843,0.096492696,0.564931492,100,3
0.215178844,0.702088222,0.446916081,200,14
0.113703744,0.002088514,0.549998126,100,1
0.391752754,0.55616354,1,50,4
0.68482816,0.608106684,1,50,16
0.48067269,0.253814173,1,200,17
0.871123023,0.295415929,0.952845723,50,23
0.491524322,0.719596926,1,100,16
0.320060158,0.972136692,1,100,10
0.666207453,0.25688191,0.652557739,150,46
0.8916156,0.96746424,1,50,38
0.720069963,0.341258819,1,100,27
0.611560795,0.958470304,0.029631119,50,533
0.814904289,0.871203792,1,100,57
0.34667806,0.480642524,0.183866791,150,43
0.019734847,0.127120542,1,100,1
0.335978407,0.235427046,0.921707048,150,6
0.398858934,0.04989822,0.952753716,50,2
0.106671198,0.782293006,0.362417131,150,6
0.587990642,0.138628529,1,50,7
0.658974362,0.277854331,1,100,20
0.161309742,0.236638752,1,200,2
0.024693016,0.164956521,0.629537759,50,1
0.967596708,0.003717512,1,100,47
0.141177937,0.182220467,1,100,1
0.998851405,0.98384111,0.62784959,100,158
0.411609251,0.063518684,0.130268196,100,31
0.274731229,0.439783073,1,150,5
0.443041428,0.171371486,0.239107032,150,37
0.069074059,0.827170202,1,50,1
0.619160768,0.080226337,1,200,27
0.887873557,0.880104092,1,100,70
0.575436178,0.584762677,0.780102,150,37
0.338245974,0.665060144,0.28164493,150,36
0.003090566,0.795951671,1,200,1
0.810685379,0.918965827,0.102614421,50,281
0.824615308,0.659341856,1,100,50
0.302511267,0.032411442,1,150,3
0.480542554,0.685378753,0.30989391,150,69
0.95558014,0.120489656,1,50,25
0.133383863,0.030947204,1,50,1
0.874048302,0.306359875,0.613394565,50,36
0.993826279,0.337695993,0.746811312,150,129
0.547222955,0.271632624,1,150,18
0.073104259,0.946127469,0.803067493,50,1
0.563197691,0.91516188,0.085275692,50,150
0.387290088,0.975756066,0.258097362,50,25
0.790262952,0.576173001,1,50,21
0.001443208,0.906512532,0.028669463,50,11
0.914753421,0.918793884,1,150,116
0.855739743,0.932849962,1,150,100
0.132192008,0.492018523,1,200,2
0.169236324,0.562716093,0.928307091,200,4
0.80636219,0.298533747,0.735186752,150,72
0.725812211,0.382584768,0.972037911,150,44
0.812668039,0.217044564,0.476026596,150,106
0.651672602,0.636894961,0.291673453,200,188
0.287837537,0.569413066,1,150,7
0.665104821,0.271426164,1,150,31
0.906421458,0.638921159,1,150,94
0.65283346,0.02012712,1,100,15
0.095576531,0.904382571,1,100,2
0.783659908,0.50767162,0.404438154,200,192
0.393679251,0.275504459,1,150,8
0.323693882,0.198276933,1,150,4
0.593342231,0.836906138,0.848055192,100,32
0.468271355,0.981085612,0.320594419,200,117
0.484160077,0.003070842,1,150,9
0.446503096,0.959474456,0.424757752,50,20
0.602489852,0.606233391,0.030357709,150,1085
0.379433092,0.662423704,1,100,9
0.722550583,0.012335934,0.19394849,100,101
0.430132592,0.553132789,1,100,10
0.215195314,0.431583948,0.241849793,100,8
0.946797183,0.493442112,1,150,95
0.944681899,0.917215194,0.489876539,200,339
0.470016869,0.149498213,0.931864906,200,15
0.459718605,0.192946442,1,200,14
0.75715603,0.935902935,0.982232859,100,51
0.548687294,0.620142592,1,100,18
0.594502552,0.75779704,0.424868043,50,30
0.439237704,0.997088304,1,200,34
0.440851889,0.397123616,0.572849971,100,15
0.366909045,0.46921873,0.824866267,100,8
0.892227834,0.675667874,1,200,123
0.885866542,0.413242322,0.834206455,200,119
0.682731478,0.966199641,1,150,61
0.166015251,0.668518913,1,100,2
0.111491938,0.150420854,0.250465652,100,1
0.377824643,0.388073653,1,100,6
0.345072266,0.93082161,0.319504319,100,31
0.138526318,0.637614727,0.899560663,50,1
0.72605631,0.072891287,0.727501852,100,30
0.74133398,0.988982023,1,50,25
0.556842759,0.836394562,1,100,24
0.916946559,0.028632526,1,50,21
0.832776298,0.918260607,1,50,31
0.171735285,0.857203225,0.00276345,150,1599
0.239200285,0.052324753,1,50,1
0.706115024,0.299969053,0.118663159,100,206
0.494365173,0.09891461,1,50,4
0.017705504,0.073126576,1,50,1
0.663870879,0.510671717,1,200,51
0.603146087,0.097671286,0.909723072,100,14
0.237527096,0.520960898,0.55700158,50,3
0.127452951,0.96966968,1,200,6
0.849884914,0.763882446,0.038107106,50,758
0.052290074,0.109206838,0.494623763,200,1
0.784766418,0.385220629,0.107921296,150,487
0.485141748,0.460022997,0.447212783,150,38
0.689690135,0.848619625,0.49510629,50,38
0.435409877,0.403943627,0.858961111,100,10
0.428577248,0.233963863,1,100,6
0.411313017,0.959946973,1,50,8
0.078599768,0.864013416,1,50,1
0.652857564,0.981731224,1,50,19
0.822371925,0.539366131,1,200,90
0.920754016,0.746487093,0.924530685,150,113
0.482639891,0.179132671,1,100,8
0.78555104,0.460196751,1,150,57
0.806207376,0.465300574,1,50,21
0.256795173,0.498779887,0.414490059,50,4
0.840507089,0.542266667,0.758674402,150,95
0.224274266,0.365271671,1,50,1
0.008549962,0.855791564,1,50,1
0.202799438,0.450530576,1,150,3
0.488263936,0.309430865,0.746074484,200,25
0.840338683,0.536351526,0.637339405,50,38
0.178420394,0.496690651,1,200,3
0.100560073,0.544492781,0.678794062,100,2
0.763451784,0.975240097,0.085497129,50,306
0.053213246,0.880249335,1,200,3
0.823025407,0.040808119,1,200,60
0.552101767,0.774612809,1,50,11
0.315256675,0.010090076,0.003014385,50,273
0.790703169,0.46714371,0.511702475,200,150
0.039904801,0.810496501,0.659634287,200,3
0.866010188,0.31081848,0.03316385,100,1298
0.64194902,0.76502324,0.045837266,150,970
0.623040558,0.404050473,1,50,10
0.263535261,0.467957275,0.194815673,200,29
0.90195701,0.943614375,0.537137802,50,71
0.538594226,0.076896828,1,150,14
0.288032835,0.950411585,0.198285599,50,19
0.622833742,0.340376017,0.66062896,150,42
0.122348766,0.125210672,1,150,1
0.376042717,0.537452556,0.504726155,50,7
0.035484589,0.709081234,0.44481416,200,3
0.559187838,0.409762214,0.315465253,150,71
0.27847126,0.944154455,0.149610835,200,94
0.91273516,0.858873364,1,150,111
0.799999272,0.5075763,0.857524968,50,24
0.13704838,0.235094264,0.045485637,150,13
0.830364415,0.459911799,0.722756823,50,30
0.183859375,0.450924618,1,100,2
0.120775482,0.217912121,0.835045993,100,1
0.265200927,0.191308029,0.210423802,150,12
0.847064125,0.856919431,1,150,92
0.551486184,0.557820313,1,200,34
0.636342303,0.466744938,1,100,22
0.236625168,0.921073568,0.257065301,200,41
0.850305975,0.445458416,0.921915234,100,50
0.385147031,0.021416193,1,150,5
0.763871628,0.840354397,0.772973238,200,123
0.876533032,0.791077894,0.12557017,100,506
0.410736377,0.625362188,1,50,5
0.420915782,0.567448308,1,50,5
0.728594423,0.971634039,1,200,94
0.874418292,0.95945511,0.028015429,100,2529
0.369052161,0.886748891,1,200,22
0.254504365,0.536958291,0.743906611,50,3
0.281421738,0.063330729,1,150,3
0.007376171,0.16727141,1,50,1
0.428559402,0.48800255,0.928625348,50,5
0.355110846,0.672266415,0.33016495,150,34
0.109605603,0.693209505,0.848098556,100,2
0.837229359,0.89069079,1,100,61
0.685600848,0.545259188,1,200,57
0.430752945,0.379649777,0.520240555,150,22
0.00736981,0.21846604,0.176973434,100,1
0.132470186,0.41700107,0.765874337,150,2
0.128865549,0.012886387,1,100,1
0.425773912,0.710095217,0.531819248,200,43
0.334297939,0.249662018,1,100,4
0.980541377,0.004269227,0.546302242,150,133
0.307421021,0.404485905,0.505128658,100,7
0.771743908,0.807093509,1,100,48
0.185495387,0.470063811,1,50,1
0.442444626,0.815026481,1,50,7
0.823944457,0.047617991,1,50,15
0.204483702,0.976260237,0.999021952,50,3
0.189143809,0.526641883,1,150,3
0.741753744,0.292431312,1,150,42
0.808380196,0.786599627,0.464103349,100,112
0.799813445,0.078270019,1,150,43
0.113995214,0.200486517,0.702719162,100,1
0.239501756,0.212197852,0.15003524,100,9
0.68889131,0.987308636,0.44732826,100,94
0.726159136,0.248977674,0.65222424,150,58
0.077120481,0.39549086,1,200,1
0.436614243,0.263344987,1,100,7
0.623119862,0.891063819,1,150,47
0.48516131,0.042755228,0.870003249,50,4
0.357283349,0.525242231,1,50,3
0.857454715,0.367390571,1,150,66
0.241825059,0.815505233,1,200,10
0.563821235,0.470119133,1,200,33
0.998277147,0.684481561,0.551602684,150,223
0.310928417,0.308423126,0.035557045,100,85
0.789382978,0.015958741,1,100,26
0.132331498,0.969773544,1,50,2
0.22219473,0.724064632,1,50,2
0.656779528,0.645508946,0.725779743,200,78
0.399412259,0.26139392,1,100,6
0.060879309,0.21976701,0.108944774,150,2
0.353165755,0.570982327,1,50,4
0.83516293,0.529805613,0.874345272,150,80
0.993117412,0.404937105,0.765855577,100,88
0.34956603,0.455728783,0.441722394,100,12
0.656056781,0.283955807,0.6816071,100,29
0.662175288,0.331403616,0.369985663,200,115
0.601608169,0.664482624,0.94020861,100,25
0.025384259,0.999261844,1,200,3
0.50506046,0.199649845,0.474014132,100,19
0.370803349,0.216296852,0.878160482,100,5
0.261842846,0.353164245,0.099903425,150,33
0.223946852,0.265878729,1,150,2
0.589551746,0.209269599,1,50,7
0.576037835,0.893875141,0.665639449,100,40
0.88212198,0.626174441,0.050109441,50,573
0.433468807,0.092386108,0.025421473,100,192
0.544462544,0.126399515,1,200,20
0.949576915,0.699343035,0.068120241,150,1603
0.015056069,0.006130021,1,150,1
0.008937068,0.573956899,0.377294762,100,1
0.018508078,0.706265368,0.069934448,100,6
0.701284823,0.522630311,1,100,30
0.375252573,0.091754229,0.677362641,100,5
0.525101774,0.827087625,1,100,21
0.435443268,0.633876061,0.017697719,100,607
0.358562076,0.529852845,1,50,4
0.399957004,0.387073241,0.906516866,150,11
0.507641413,0.220576808,1,150,14
0.05583166,0.831436049,1,50,1
0.474977184,0.941216886,1,50,10
0.941421981,0.651440278,0.688240283,50,51
0.866600899,0.310878765,0.419224581,200,206
0.775349422,0.467685023,0.440898113,100,83
0.288808442,0.687047658,0.374533536,200,27
0.063338541,0.883353495,0.946520492,200,3
0.702866784,0.147390609,1,100,21
0.030029406,0.082013101,0.931588328,100,1
0.076256074,0.961056357,0.523905613,50,2
0.345055105,0.560597665,0.994660706,200,12
0.442211653,0.460363222,1,100,9
0.472865843,0.491217221,1,50,6
0.032926218,0.412051762,1,100,1
0.598366367,0.225294829,0.181920701,50,40
0.009958166,0.850788276,1,150,1
0.327728945,0.769018202,1,50,4
0.340571765,0.211817546,1,200,7
0.991213975,0.081504374,1,200,107
0.507557195,0.04718092,0.614386583,100,12
0.011639325,0.522727833,0.433664564,100,1
0.476682496,0.316136586,1,150,14
0.635543058,0.179254783,1,200,33
0.861058276,0.32911685,1,200,86
0.065136982,0.1497993,0.687381446,100,1
0.594313739,0.743159505,1,200,49
0.551694835,0.389384616,1,150,21
0.456773339,0.438546891,0.384592388,50,13
0.112651362,0.92400292,1,200,5
0.91438579,0.903384505,0.971166366,200,157
0.693494048,0.624330064,0.777035599,200,81
0.115218617,0.331774925,1,200,1
0.613094306,0.80692523,1,150,42
0.902328521,0.58840039,1,200,119
0.664377813,0.060637995,0.921515599,50,9
0.198126167,0.80366367,0.812739692,200,9
0.429144571,0.953654569,0.482004973,50,16
0.146452381,0.051914978,1,100,1
0.051431146,0.411299338,0.030144036,100,7
0.151415116,0.481420966,1,200,3
0.87366154,0.325360388,0.538265267,50,42
0.838284051,0.44490458,0.105654712,200,830
0.004600751,0.579093165,0.66230617,150,1
0.700883824,0.534762635,0.271943157,200,219
0.620615013,0.825332988,1,150,44
0.832596199,0.852323175,1,150,88
0.314689487,0.257129651,1,100,3
0.931471388,0.256790107,0.299185162,150,254
0.616044497,0.67891392,0.676288958,150,56
0.031833696,0.203842331,0.181781947,200,1
0.916274463,0.194922231,0.19042287,100,242
0.394780756,0.450715621,1,100,7
0.63547801,0.806097525,1,200,61
0.776499546,0.26648158,1,50,16
0.528445554,0.759826766,0.598681631,100,32
0.115183304,0.785199077,0.409322967,150,6
0.020439023,0.479864644,0.660493488,100,1
0.577389576,0.707468542,0.980775918,100,23
0.206663386,0.694911693,0.865381153,50,2
0.513009259,0.206157501,0.46723919,100,20
0.423425138,0.080802241,0.652336878,150,11
0.985087287,0.997925781,1,200,193
0.365866556,0.006136981,0.304004922,50,5
0.45719442,0.506592935,1,200,21
0.743031266,0.838847691,0.804895415,50,28
0.066881311,0.053924277,1,100,1
0.56794056,0.877680375,0.497058858,200,101
0.270512459,0.648324801,0.128652593,200,65
0.08453658,0.08174732,1,200,1
0.729313855,0.703126948,1,100,38
0.131054733,0.623066495,1,50,1
0.231566469,0.466875794,0.444853714,100,5
0.426505787,0.630475334,0.85425928,200,24
0.351361775,0.678311069,0.74164912,100,10
0.15414882,0.402944732,0.78404156,50,1
0.687514039,0.814720786,0.658473106,150,83
0.86109518,0.612963474,0.292752171,200,366
0.815739084,0.61379735,1,150,70
0.658805845,0.821812432,0.230721533,200,287
0.707763061,0.880959245,1,150,62
0.829322296,0.086517,0.665306458,200,95
0.06785427,0.32261544,1,200,1
0.078908545,0.16063701,1,50,1
0.141981984,0.998686171,0.853054241,150,6
0.557673533,0.138499205,1,50,6
0.725917568,0.077886794,1,200,43
0.693469146,0.974305857,1,200,85
0.096959905,0.893237745,1,100,2
0.545454969,0.00978089,1,200,17
0.507423448,0.307566258,0.128879114,200,159
0.020458731,0.925267485,1,150,2
0.70266763,0.510799221,1,200,59
0.148734445,0.01138681,0.141513547,100,2
0.471166537,0.872716836,1,50,9
0.151770005,0.849109123,1,50,2
0.283552608,0.42877127,1,100,4
0.65883257,0.835334148,1,100,34
0.780638304,0.866818245,1,150,77
0.95046132,0.503980721,1,200,128
0.696590187,0.516927303,0.738923632,50,20
0.71675613,0.886090417,1,200,85
0.63480118,0.429219796,1,200,42
0.172424051,0.83601709,0.412351343,150,11
0.641629547,0.846764395,1,150,48
0.938971753,0.871472885,1,100,80
0.928324475,0.427812511,0.991842162,100,58
0.100175297,0.172739578,1,200,1
0.472146496,0.026099726,0.599762785,200,19
0.87424015,0.444064476,1,50,25
0.937610255,0.17163167,0.997214138,150,73
0.525449887,0.104518522,1,50,5
0.955337183,0.101412169,0.242317953,100,200
0.914782713,0.552533316,0.13370038,50,224
0.365372618,0.170385056,1,200,7
0.260257299,0.256667652,1,150,3
0.027926124,0.39325479,1,100,1
0.095992554,0.208530443,0.413698854,100,1
0.2802823,0.409005439,1,150,5
0.112843408,0.807401043,0.826043805,50,1
0.621696749,0.519910482,0.166264331,50,66
0.228278044,0.640664349,0.925880717,50,2
0.347266529,0.524229971,0.485941811,200,24
0.482220814,0.473397746,0.990294578,100,12
0.826762106,0.099761361,1,100,32
0.61809737,0.279112093,0.288476939,100,58
0.634354137,0.604223086,0.608969317,100,41
0.342714709,0.400222273,1,150,7
0.489475018,0.765125262,0.169714748,100,96
0.833357691,0.168612289,0.1731642,150,298
0.450258375,0.408296363,0.789162168,200,22
0.23617279,0.285963096,0.933662688,50,1
0.412494848,0.124170345,0.311447422,50,8
0.609487749,0.027679037,1,50,6
0.705244533,0.963105154,0.959370054,200,91
0.219217383,0.765351359,0.874998706,50,3
0.741924385,0.243526798,0.95171917,50,14
0.77608789,0.999749076,0.00362515,150,22883
0.306281321,0.943269971,1,50,5
0.340254311,0.165870419,1,200,6
0.007437034,0.629359414,0.475846082,50,1
0.532647111,0.844506709,0.396266701,200,107
0.211126032,0.695512947,1,100,3
0.25927909,0.974448612,1,200,14
0.713338638,0.716518386,1,50,19
0.954796946,0.612788268,1,150,105
0.157467119,0.784771823,1,100,3
0.498240095,0.805111771,1,200,36
0.069938367,0.633462792,0.330167368,100,2
0.197057179,0.05204167,1,50,1
0.454693005,0.466010331,0.456388799,200,42
0.586429492,0.258949946,1,150,22
0.313085383,0.821376222,1,50,4
0.783561185,0.907381458,0.363843376,150,218
0.488005529,0.788141478,1,50,9
0.94740795,0.33177426,0.201678078,200,556
0.138968755,0.632717161,1,200,3
0.646678119,0.850865094,0.987140732,100,33
0.390414596,0.142761205,1,50,2
0.44532476,0.062012457,0.870343985,150,9
0.87267546,0.570387513,1,50,27
0.889235813,0.297517348,1,50,23
0.179733409,0.891660713,0.030399713,50,55
0.858463943,0.368053814,0.001025272,150,64321
0.072655312,0.681357563,1,50,1
0.349312208,0.14836229,1,50,2
0.241743636,0.253833721,0.341832601,200,9
0.766457234,0.123201116,1,100,26
0.944684109,0.580794864,1,50,34
0.880348397,0.422939257,0.415926576,200,237
0.746911307,0.768161431,0.685841478,100,62
0.041566729,0.037483015,0.15778481,150,1
0.675000836,0.172215218,1,200,38
0.091706289,0.104625199,1,200,1
0.214373659,0.981304442,0.240099005,50,11
0.539140972,0.33637315,0.489387061,150,38
0.35542733,0.988728491,0.868042661,50,7
0.910447601,0.77918078,0.05714233,150,1815
0.969176422,0.740940656,0.173428871,50,228
0.274258071,0.909385669,1,50,4
0.373353041,0.762477306,1,150,14
0.236576702,0.553775046,0.602597879,100,5
0.720096496,0.964281561,0.090541234,150,754
0.910402643,0.258934634,1,150,72
0.411840301,0.829541362,0.053415115,200,456
0.686339228,0.411539999,1,100,26
0.548133214,0.525207105,1,50,9
0.03540585,0.872092481,1,150,2
0.475293798,0.07630188,0.243940309,100,26
0.723190246,0.143145674,1,100,23
0.365849866,0.634964711,0.122854904,50,31
0.822539159,0.207941765,0.700348579,200,98
0.864990589,0.527424668,0.708453822,50,36
0.031205556,0.715674161,1,100,1
0.096321001,0.20327933,1,50,1
0.344098608,0.346205028,1,200,9
0.843922665,0.424941983,1,200,88
0.169734607,0.958350081,0.134740074,150,40
0.6148908,0.472075225,1,200,41
0.622073283,0.093275132,0.99891057,100,14
0.502413702,0.286294603,0.93908856,50,6
0.956924,0.138315064,0.594108521,100,85
0.915673533,0.014796331,0.80603399,100,50
0.28192498,0.740144139,0.373856103,200,28
0.623900527,0.019444189,0.354417152,150,54
0.460170346,0.883119026,0.428347068,150,57
0.257363774,0.373985202,1,150,4
0.068543336,0.496357224,1,200,1
0.244869921,0.597109888,1,150,5
0.208398744,0.871507344,0.667693211,150,9
0.448704905,0.176595528,0.861436502,50,4
0.937340149,0.030275898,0.354290407,150,183
0.963895747,0.68335603,1,150,113
0.642286978,0.540288343,1,150,37
0.852080439,0.742629415,0.547367578,100,105
0.244134298,0.925640718,1,200,12
0.410945869,0.546490383,0.769548499,150,17
0.709608501,0.535539506,0.905601725,150,51
0.834783295,0.039155169,0.018329458,200,3366
0.688800108,0.664844613,1,150,49
0.637360067,0.266410509,0.663253874,50,14
0.481142886,0.009896507,0.565431531,200,21
0.166340841,0.258650759,0.809417341,100,1
0.511972515,0.110459677,1,200,17
0.415198948,0.610838193,0.530834369,50,9
0.785633372,0.824141021,1,50,25
0.966567532,0.201150039,1,200,108
0.367457976,0.061786009,1,100,3
0.880220816,0.825858641,0.086582702,200,1518
0.893966444,0.980022555,0.303940709,100,249
0.926340052,0.740060481,1,200,141
0.775245704,0.5914719,1,100,41
0.436837048,0.644803019,0.908273345,200,25
0.734010632,0.556259422,1,150,52
0.306768431,0.192163823,1,150,4
0.052237884,0.098022158,1,150,1
0.780231135,0.46374521,1,100,37
0.887256283,0.750472076,0.666507979,100,96
0.216967133,0.550929712,1,50,2
0.882741758,0.606696037,1,150,86
0.637361904,0.738944408,1,200,57
0.18126119,0.923147916,1,100,4
0.411709135,0.076480366,0.330841627,200,25
0.892062264,0.267769065,0.233737522,150,290
0.503338862,0.022295141,0.751217921,50,5
0.311374465,0.272900924,0.960626767,150,5
0.908180879,0.104148175,0.79562964,150,79
0.250084951,0.954481844,0.811563305,100,8
0.727685883,0.889787601,0.676864409,50,33
0.106690576,0.341443742,0.232083394,100,2
0.179231014,0.203660377,1,50,1
0.638542162,0.781442158,0.512570752,200,116
0.567208142,0.125985026,0.744220603,100,15
0.363470685,0.532461666,0.857068767,200,15
0.947058284,0.962434744,0.21834281,50,197
0.539956845,0.459220384,0.255471484,100,57
0.14537127,0.484483624,0.002460747,100,394
0.669279668,0.490516676,0.289631229,200,176
0.102965573,0.924387919,1,200,4
0.891792226,0.729980493,1,200,127
0.13965091,0.737991763,1,200,4
0.177054134,0.18048206,0.573906431,200,2
0.854541514,0.911492542,1,200,130
0.634663003,0.320625396,0.940006246,150,30
0.817456549,0.342087818,0.35225601,200,215
0.644320231,0.771164739,1,150,46
0.241130805,0.234349078,0.013158355,100,105
0.907275669,0.133809189,0.281330903,50,76
0.830430826,0.615391927,1,150,74
0.512205634,0.377186566,1,200,23
0.343569911,0.87868319,0.10880195,50,43
0.408727239,0.470136694,0.729418979,100,11
0.74014664,0.765349341,1,50,21
0.861361314,0.216025761,0.433668052,200,182
0.021220684,0.148450446,1,50,1
0.204151568,0.095936834,0.707361421,100,1
0.157751573,0.486435087,0.783684885,200,3
0.077907278,0.847662742,1,200,3
0.758352525,0.849965308,1,150,71
0.506330367,0.507210542,0.2123062,150,92
0.152564608,0.031772669,0.272104014,100,1
0.917233007,0.204362899,0.969766555,50,24
0.771023513,0.302022402,0.215045074,100,145
0.90245506,0.650319159,0.738392735,200,168
0.028068095,0.425509418,0.043357456,200,6
0.238666355,0.469587911,0.995670865,150,4
0.619842025,0.177546223,1,200,31
0.112906013,0.301060138,1,100,1
0.459018904,0.946775551,1,50,9
0.313274231,0.344586853,0.329393706,200,20
0.821394057,0.290502133,1,150,55
0.059608247,0.785377547,1,100,1
0.75095231,0.98195995,1,50,26
0.998475109,0.780733048,1,100,88
0.074760436,0.547142824,0.990883204,150,1
0.218069733,0.033684974,1,50,1
0.844253345,0.819130404,1,150,89
0.073030464,0.96506186,0.479162256,50,2
0.232371371,0.275560754,0.747430107,100,2
0.587725601,0.703468988,0.575812236,150,60
0.662728742,0.510051287,0.030470353,200,1659
0.545227584,0.181006057,1,200,22
0.096080317,0.927860337,1,50,1
0.651823674,0.954744004,0.785244913,200,93
0.350363318,0.781328092,1,150,13
0.878284117,0.123352561,0.722298089,100,54
0.72811463,0.97847717,0.604987818,200,156
0.274324258,0.472944721,1,150,5
0.500008219,0.570965337,1,50,7
0.304104063,0.974971649,1,50,5
0.360556607,0.008353647,1,50,2
0.056241875,0.730936965,1,150,2
0.982213642,0.432930118,1,50,34
0.893704594,0.980213742,0.613616092,200,247
0.45171481,0.812237328,1,100,15
0.314262996,0.365020406,1,50,2
0.21643169,0.837941352,0.308197547,100,13
0.592282747,0.978797253,1,100,31
0.19486718,0.651728681,0.163323068,50,8
0.157236356,0.720927529,1,50,1
0.221512353,0.110075372,1,200,2
0.506899252,0.84349299,1,100,19
0.230545698,0.927336334,1,50,3
0.300188425,0.960015906,1,200,17
0.377505488,0.9664043,1,100,13
0.06196145,0.636800353,0.232469108,50,2
0.274409583,0.885651843,0.639410335,200,20
0.681352219,0.769215416,0.060481668,150,847
0.465729513,0.382258969,0.512787509,150,27
0.771129842,0.338232017,1,100,33
0.778375882,0.224601018,1,150,45
0.494062537,0.730937926,0.557837456,150,43
0.35891852,0.445964839,0.030115988,150,266
0.339509057,0.586846266,1,150,9
0.436338683,0.097456168,0.536736712,100,10
0.363095633,0.070080632,0.878209565,50,2
0.152624103,0.823007688,0.206499059,150,18
0.713529104,0.489072133,1,200,60
0.431803458,0.214838933,0.493093613,100,12
0.678267939,0.265655403,0.480191277,100,45
0.820350085,0.76973972,0.151952145,100,351
0.133982436,0.930781641,1,200,6
0.326088784,0.120836761,1,100,3
0.295749722,0.650625642,0.515676223,50,5
0.146117028,0.446882999,1,200,2
0.567498977,0.594303827,0.714046939,200,53
0.529879876,0.652388017,1,150,26
0.107956611,0.867103161,0.214186759,150,13
0.031853775,0.919495767,0.736279905,200,3
0.937554302,0.975664681,1,200,169
0.126984922,0.350374766,0.346224025,50,1
0.590324236,0.3509919,1,200,32
0.906278763,0.221297945,1,150,69
0.658054273,0.883425419,0.187898979,50,93
0.318873761,0.182320319,0.115961979,100,22
0.220032912,0.620250801,1,50,2
0.206821055,0.401283811,0.329303234,200,10
0.623672808,0.929767425,1,50,17
0.165189103,0.488094891,1,150,2
0.916381659,0.049802154,0.901803505,50,23
0.972422564,0.975819106,0.909193155,50,51
0.355015618,0.960374891,0.592498252,100,19
0.417884413,0.289443867,1,150,10
0.993705432,0.702585454,0.661002155,200,248
0.258540497,0.053320939,1,50,1
0.38464379,0.106449438,0.001482077,150,3605
0.054350365,0.948219679,0.832014288,100,2
0.63994665,0.033800559,0.303511737,50,23
0.155414711,0.110885102,0.447152329,100,1
0.493136255,0.774539774,0.941403784,50,9
0.826140013,0.542273896,1,200,92
0.83600863,0.989884753,0.665756919,100,98
0.417526059,0.832463513,0.928399676,150,21
0.487147304,0.366195472,0.013421483,200,1479
0.2998535,0.634364836,0.566745328,50,5
0.070170225,0.056340598,1,100,1
0.294550193,0.139837024,1,100,2
0.877183998,0.791823061,0.226810803,100,281
0.217510623,0.651729259,1,150,5
0.747971014,0.506038586,0.795412782,200,87
0.903476949,0.548329249,0.236293127,200,489
0.761548979,0.23369875,0.408230367,150,104
0.438978695,0.549955078,1,100,10
0.710612888,0.402719229,0.343983587,100,80
0.193690685,0.413983355,0.547089808,50,2
0.61969448,0.434516707,0.511419238,50,20
0.412258567,0.424526555,1,200,15
0.005598699,0.7959959,0.099164458,150,7
0.239452929,0.970904491,1,150,9
0.10765848,0.568039765,1,150,2
0.152710499,0.75617176,1,150,4
0.026831278,0.076050182,1,50,1
0.979125433,0.168490463,0.652385441,100,84
0.951863701,0.982875846,1,200,176
0.360487125,0.498171015,1,200,12
0.44988794,0.449519474,1,100,10
0.862155264,0.370439339,1,100,45
0.674599099,0.471216101,1,100,26
0.669998806,0.052654736,0.440329429,150,56
0.149426172,0.974408261,0.47050699,200,14
0.927117392,0.024450977,0.870829229,200,96
0.755422854,0.769142604,0.742608299,100,59
0.358113604,0.983191585,1,200,23
0.435371392,0.623383583,1,100,11
0.206069899,0.300185997,1,200,3
0.367584684,0.818998159,1,150,15
0.882433046,0.054026677,0.720933412,150,77
0.968153689,0.86616048,0.296935465,100,287
0.151233751,0.94148668,0.935406948,50,2
0.487190351,0.032016041,1,100,7
0.469698435,0.007994082,0.71473744,200,16
0.906155135,0.834418694,0.27693935,50,129
0.836688623,0.534656502,0.755011633,50,31
0.261140062,0.246881946,0.514373413,150,6
0.956687139,0.166930111,1,100,51
0.097517203,0.337885276,0.367354932,50,1
0.901826247,0.621818434,0.093689814,200,1292
0.994293859,0.228351321,0.398371065,100,150
0.23808836,0.57380482,0.781885576,150,6
0.554552208,0.060686255,1,150,15
0.5523885,0.542068232,0.614328875,200,55
0.670190292,0.046158872,0.774039355,150,32
0.27306259,0.365898392,0.799200986,200,7
0.370018724,0.929809593,0.642920639,200,35
0.582109251,0.345806273,1,200,31
0.96330232,0.906177228,1,150,130
0.85054358,0.850109338,1,150,93
0.523529953,0.904604082,0.039202052,200,1101
0.416026702,0.332841595,0.973718599,200,14
0.029299236,0.967655858,1,200,3
0.840692607,0.757666898,1,50,28
0.25155639,0.054828877,1,50,1
0.012969604,0.896012859,0.508094737,150,3
0.166252315,0.482540736,1,150,2
0.921649096,0.093271394,0.519351609,100,84
0.288717931,0.029476502,1,150,2
0.23409093,0.205938379,1,100,2
0.921086092,0.925463623,1,100,79
0.244989,0.672380272,0.469923315,50,4
0.001710306,0.490567279,0.81501365,50,1
0.078923964,0.960617287,0.881543906,200,4
0.711678688,0.553300705,1,50,16
0.778583004,0.272200124,1,200,63
0.764743154,0.00836148,1,150,35
0.980971789,0.589439884,1,150,111
0.353965239,0.389927198,0.1496947,50,16
0.494190839,0.765310915,0.90615173,200,37
0.297423153,0.599888449,1,150,7
0.931165941,0.048306162,0.13769437,150,469
0.999999933,0.678650833,0.586899702,150,210
0.523293277,0.796339341,1,200,39
0.766351337,0.277485101,0.74131165,150,61
0.969443246,0.64297482,1,150,111
0.253605849,0.158700633,0.814585598,150,3
0.233637052,0.220989735,1,150,2
0.263131142,0.378980551,0.211768011,200,23
0.448046069,0.4360072,0.640126832,150,21
0.440902605,0.368667356,0.510739562,50,8
0.21753064,0.451418743,0.704646367,100,3
0.365948071,0.414047937,0.217354013,100,25
0.505823066,0.857656286,0.14097115,200,272
0.958041057,0.678190743,1,200,147
0.346741411,0.156085738,1,150,5
0.118766517,0.927253963,1,150,4
0.228573638,0.063750045,0.497594586,50,1
0.771423866,0.610233427,0.790493112,200,103
0.691104053,0.454132945,0.95130741,50,15
0.117418601,0.59462363,0.325790376,150,5
0.328178788,0.85036416,0.911290762,200,18
0.31499992,0.030152464,0.007256174,50,119
0.085676567,0.450218598,1,150,1
0.773750501,0.286852437,1,200,62
0.061597392,0.11966189,0.223039215,100,1
0.719583974,0.077770664,0.107372149,50,97
0.454087937,0.342836751,0.361850624,50,12
0.848471194,0.232486872,1,100,39
0.72232005,0.640064158,0.151464137,200,465
0.547007929,0.05583805,1,200,19
0.96991242,0.864080056,0.356840891,150,359
0.49995774,0.15485875,0.729442794,200,22
0.433970971,0.474615915,1,100,9
0.552657457,0.120814243,0.704862099,100,15
0.113992503,0.929724663,0.121082582,50,9
0.478770321,0.390341745,1,150,15
0.618548268,0.336960683,1,150,27
0.05331173,0.973336102,0.866864733,100,2
0.626179799,0.784222865,1,150,43
0.097249673,0.105292706,1,100,1
0.16389187,0.910781178,1,150,5
0.401510392,0.170462164,1,100,5
0.233941395,0.029356513,1,100,1
0.845780064,0.003255045,0.947849148,150,50
0.385392264,0.09471128,0.05848934,100,60
0.642143908,0.702074677,0.415145949,150,102
0.466832349,0.722020027,0.787935957,200,36
0.538829576,0.284050263,1,200,24
0.571092506,0.142506992,1,200,23
0.785927093,0.961012736,1,150,83
0.068251213,0.09047089,0.208471841,50,1
0.005517199,0.152054344,0.108474169,50,1
0.554620359,0.240012581,0.897685426,150,20
0.031061473,0.135000842,0.312055209,100,1
0.146394405,0.793415354,1,50,2
0.796795131,0.72862154,1,200,97
0.405438873,0.256091287,1,50,3
0.93774861,0.087200835,1,150,68
0.120510367,0.013061162,1,150,1
0.685999323,0.343628558,0.932713468,100,26
0.111625864,0.993255735,0.070404639,150,51
0.559859284,0.218050753,0.408320354,150,44
0.355381974,0.139654952,0.845615733,150,6
0.074379676,0.710945476,1,200,2
0.559080137,0.016831516,1,100,10
0.337364749,0.476523939,0.816167435,150,9
0.62043036,0.111287764,0.811026335,50,9
0.184354141,0.962847303,0.820060344,100,5
0.80422658,0.551196733,1,50,22
0.417027088,0.820243169,1,150,19
0.416800166,0.634230625,1,100,10
0.812116565,0.283563272,0.69771536,200,102
0.20041394,0.046325004,1,150,1
0.732258523,0.187450569,0.255844261,200,190
0.691600993,0.846630254,0.071950439,100,525
0.107380326,0.754008314,1,150,2
0.178643798,0.926999253,0.536174632,100,7
0.669453833,0.900607402,1,100,37
0.036539008,0.585840927,1,50,1
0.967446375,0.712214385,1,150,116
0.58105618,0.420178717,1,200,34
0.038817175,0.246818553,1,200,1
0.747382937,0.522162046,0.59826789,50,29
0.71037493,0.848127015,0.363152776,200,222
0.714748691,0.155453737,1,50,11
0.785916835,0.733695227,1,100,47
0.767185965,0.735784228,0.953598541,150,70
0.47735286,0.781794725,0.138784145,50,57
0.826922732,0.123049904,1,100,33
0.126588555,0.300738786,1,150,1
0.746534647,0.263010946,1,50,14
0.653845708,0.108239143,0.314054229,100,52
0.61383291,0.758914718,1,150,40
0.952235869,0.303111569,1,50,28
0.023513252,0.396764601,1,100,1
0.512425606,0.242208498,1,150,15
0.767855313,0.32226464,1,200,63
0.979680589,0.507978322,1,50,35
0.489432535,0.530209589,0.298036723,150,63
0.296002906,0.82855426,1,100,7
0.629306955,0.995876734,0.770973875,100,45
0.573309031,0.964655131,1,100,28
0.690486006,0.824204296,0.821580902,100,45
0.992147303,0.615547879,0.602467684,200,256
0.147654614,0.866989624,1,200,5
0.60376959,0.931755039,1,150,45
0.748134683,0.527908558,0.061143869,50,286
0.645724213,0.017317911,1,200,29
0.035031868,0.052668316,0.404183893,50,1
0.236501846,0.737202685,1,200,8
0.567035048,0.798111349,1,200,47
0.022149717,0.26689684,0.078478458,150,1
0.984264823,0.420355712,1,100,67
0.084183434,0.024167651,1,150,1
0.485734662,0.818233954,1,200,34
0.645149296,0.234190369,1,100,18
0.411321307,0.275453603,1,200,12
0.177231077,0.748824929,0.955496238,200,6
0.585077218,0.995623267,1,50,15
0.060923404,0.015313504,1,50,1
0.759409398,0.85067214,0.183231244,100,257
0.768742012,0.051084897,1,50,13
0.178808571,0.473681793,0.590724245,100,3
0.194250959,0.043400972,0.944705949,200,1
0.42706353,0.544642397,1,200,19
0.949484107,0.704990034,0.485338521,150,226
0.22435441,0.160524794,1,50,1
0.891055924,0.088029936,0.169651053,200,460
0.584897185,0.090323052,0.279688974,200,83
0.172435689,0.472716845,0.288976772,150,7
0.496886625,0.789739806,0.752362978,50,12
0.886557879,0.222939257,0.008998054,200,9522
0.394463898,0.450135157,1,150,11
0.994478242,0.913252174,0.815779983,200,230
0.032842241,0.280052759,1,200,1
0.279132487,0.232599896,1,50,1
0.331300356,0.87881239,1,50,5
0.302608742,0.621988458,1,200,10
0.465939703,0.359349649,1,200,18
0.949403932,0.554332819,0.393694159,50,84
0.982454692,0.891941217,0.115183232,200,1558
0.171016782,0.354573483,1,200,2
0.791982702,0.089473664,1,100,28
0.989941937,0.41103291,0.500993003,100,134
0.31440295,0.307496106,0.451381124,100,7
0.871168485,0.740353854,1,150,91
0.079360989,0.489220554,1,200,1
0.877770473,0.517735719,1,150,79
0.315051661,0.687904956,1,200,12
0.800248539,0.164496917,1,100,31
0.070510639,0.093603464,1,200,1
0.153589501,0.574304946,0.550975962,150,4
0.370560442,0.419704996,1,50,3
0.754788932,0.629690153,1,50,20
0.212996257,0.883500265,0.05072455,150,124
0.38356217,0.021508125,1,150,5
0.217746149,0.140539165,0.477594075,150,3
0.803701436,0.532814789,0.954698867,200,89
0.898485741,0.199456163,1,150,66
0.993919464,0.447068255,1,150,104
0.884324657,0.402810227,0.283708994,50,87
0.821603846,0.462579773,1,100,43
0.876640279,0.173402827,1,150,60
0.681634271,0.847947649,1,50,19
0.60026536,0.889112196,0.088749724,50,161
0.333430459,0.116655081,1,100,3
0.484755844,0.863073532,1,200,36
0.704624032,0.188784578,0.289905023,150,113
0.481072263,0.129473345,0.043345834,100,160
0.185332541,0.082738759,1,200,1
0.373742106,0.436786524,0.131966838,200,88
0.485133359,0.82547155,1,100,17
0.839253173,0.71594305,1,100,55
0.971618364,0.956833084,1,150,137
0.346814745,0.870414224,0.551108467,100,17
0.883631416,0.128467147,1,50,20
0.792144873,0.515698867,0.716262731,50,28
0.72607364,0.475100982,1,150,47
0.081928453,0.04423723,1,100,1
0.196612269,0.526569567,0.309331136,100,6
0.515371078,0.375670555,1,100,12
0.008458321,0.4177207,0.593898214,100,1
0.898449259,0.225683445,1,100,45
0.460910545,0.714796082,0.81520425,200,33
0.143675613,0.337547749,0.165629809,100,4
0.506440943,0.572701231,1,200,29
0.990796286,0.706446223,0.167064735,150,732
0.965143047,0.72805857,0.974381441,50,40
0.62963976,0.585291676,0.518531242,150,70
0.760099043,0.405879775,0.898350103,200,73
0.011573648,0.419878535,1,150,1
0.067134764,0.296053497,1,50,1
0.314223649,0.119440377,0.292748957,100,8
0.781770081,0.080278754,0.975913116,150,41
0.679041219,0.355644894,0.70659526,200,66
0.236424506,0.816712648,0.645674767,200,14
0.684241762,0.373377385,1,100,25
0.524472125,0.776213856,1,50,10
0.116085341,0.636496221,1,150,2
0.013668248,0.966885393,1,150,2
0.44543872,0.519727608,0.283515614,50,18
0.060142573,0.771161229,0.873926071,50,1
0.654699436,0.269636202,0.363542364,50,27
0.651533176,0.053939897,1,200,31
0.684501549,0.846772363,1,200,74
0.385551172,0.722186935,1,50,5
0.568041972,0.686656687,0.702572402,200,59
0.284843814,0.876280786,1,200,14
0.608447479,0.437116553,1,150,29
0.245451095,0.896114555,0.608575282,200,18
0.378292241,0.839663086,0.818394827,150,20
0.089828045,0.148079156,1,150,1
0.186562058,0.607691538,1,200,4
0.03256671,0.598973574,1,50,1
0.640891946,0.123897002,1,100,16
0.389202637,0.508981145,1,150,11
0.917312749,0.608102468,1,200,126
0.74515988,0.812315326,0.452556491,150,145
0.220342717,0.83379971,0.527158097,50,4
0.993536925,0.995780405,0.358385184,150,412
0.9996706,0.914387635,1,50,48
0.496184436,0.893958822,0.351012157,200,109
0.778554892,0.62935231,1,50,21
0.198169123,0.226845451,0.082646476,100,11
0.519756327,0.583948526,1,200,31
0.940031058,0.88458674,0.868893395,100,93
0.127122274,0.978293273,0.750532698,150,6
0.880792211,0.252693022,1,150,65
0.985160199,0.979652643,0.354401129,150,404
0.452564421,0.897347123,0.054786888,100,290
0.762196697,0.677100164,1,200,83
0.187590268,0.980431095,0.15857772,200,53
0.923508393,0.052255077,0.83361628,100,51
0.168268833,0.25050721,0.634313909,50,1
0.289051128,0.600622044,1,50,3
0.213520437,0.863417551,1,150,7
0.486959958,0.196614969,1,150,12
0.007637562,0.22621809,1,100,1
0.109764585,0.842054706,0.393321084,150,7
0.93488307,0.725425993,0.738942538,150,145
0.704782159,0.760810223,0.522889744,200,141
0.275103623,0.41605439,0.789104885,200,8
0.510840871,0.031892257,1,200,15
0.044265055,0.269443979,0.26736946,150,1
0.061032199,0.833292808,1,200,3
0.624459391,0.281417153,0.653301841,100,27
0.663028893,0.386842331,0.056887984,200,790
0.590703052,0.462993016,1,50,10
0.867156365,0.180636092,0.2523747,200,309
0.186516455,0.781959352,0.095157389,50,15
0.292643673,0.262466099,0.943660037,50,2
0.853634445,0.000459397,0.067486393,100,473
0.155576045,0.170759514,0.054687526,200,15
0.212385694,0.47794023,1,200,4
0.661254123,0.731794612,0.139067105,50,111
0.726314212,0.26452444,1,150,39
0.154475781,0.138428088,0.256160368,100,2
0.964864275,0.786799903,1,50,41
0.858882581,0.685197571,1,100,56
0.377335419,0.131515586,1,50,2
0.068531379,0.270671758,0.145563739,100,1
0.874919731,0.95066387,0.659204501,150,161
0.856573802,0.997755795,0.226939574,50,153
0.937435037,0.24763031,1,50,26
0.639559207,0.054045136,0.915328154,50,8
0.441976636,0.887753783,1,200,30
0.816933286,0.768316308,1,150,79
0.517190439,0.208618968,1,200,19
0.704197618,0.676362431,0.112016482,200,609
0.334039583,0.671416522,1,50,4
0.838015193,0.213494774,1,200,73
0.384979148,0.289548776,0.556063659,100,9
0.680676053,0.169086727,1,200,39
0.59986833,0.78130682,0.421011783,100,62
0.291232088,0.057252766,1,150,3
0.95561134,0.09844798,0.05960083,100,810
0.172954548,0.757390026,1,200,5
0.369419378,0.332199161,1,150,8
0.350939556,0.732517751,1,100,8
0.664413062,0.041316507,0.259373414,100,61
0.430123934,0.868944871,0.787004141,200,36
0.470300788,0.548721237,1,50,6
0.247962137,0.792914585,1,100,5
0.503261304,0.38676713,0.523678247,50,11
0.101762393,0.686640821,0.940356981,150,2
0.609137558,0.13574937,1,150,21
0.134689002,0.006353181,0.783630289,50,1
0.711694339,0.93716147,0.536151721,50,41
0.166719453,0.858569711,1,100,3
0.082387232,0.392543154,1,200,1
0.175987712,0.43414401,1,200,3
0.345469044,0.086439823,1,200,6
0.735146835,0.109687667,0.57487306,150,60
0.682042046,0.812971116,0.815647292,150,66
0.471812145,0.601172196,0.92784944,200,27
0.080911135,0.546038192,0.691024663,50,1
0.673715882,0.472134213,1,50,13
0.784615949,0.698649451,0.433276758,200,209
0.881160506,0.448763856,1,200,101
0.685270438,0.246054037,0.055611061,150,576
0.430875465,0.756733912,0.126429112,100,97
0.321957788,0.453866728,1,150,7
0.735622388,0.654661217,1,200,75
0.905054766,0.886182044,1,150,110
0.68457669,0.843734857,0.012081168,200,6087
0.63058324,0.516256769,0.971845479,50,12
0.183181624,0.760666406,0.043691749,100,61
0.341963907,0.251745339,1,100,4
0.086327095,0.905292359,1,200,4
0.397795162,0.409101662,1,200,13
0.313001497,0.4489562,1,200,8
0.519390232,0.513263628,1,150,21
0.208508454,0.437351538,1,150,3
0.458181829,0.533264034,1,200,22
0.680089355,0.183178016,0.659265208,50,15
0.827550145,0.199767696,1,50,18
0.424146126,0.635053998,1,150,16
0.467994271,0.912557442,0.483642867,100,36
0.108808022,0.507288842,0.610764675,150,2
0.064568661,0.447816634,0.907307915,50,1
0.050357618,0.752934935,0.713346412,100,1
0.863365166,0.949044172,0.654343893,50,53
0.211467141,0.070963827,0.957836417,200,2
0.648875006,0.962032792,1,200,73
0.845109547,0.264827414,0.35381688,150,165
0.466829483,0.019503586,0.389021104,100,14
0.011909004,0.755651798,1,200,1
0.43639867,0.514576481,0.425425495,50,11
0.935455758,0.601843497,1,150,99
0.400512513,0.288180196,0.757618935,100,8
0.892584376,0.907611785,0.12999297,50,277
0.969855933,0.854792851,0.1433169,50,297
0.072274186,0.868255926,1,100,2
0.404640418,0.375517639,1,50,4
0.556527816,0.136520608,1,100,11
0.876295706,0.347420569,0.155159089,150,443
0.773031804,0.79731212,1,100,48
0.106503033,0.059264187,0.272434603,200,1
0.073334002,0.587331589,1,200,2
0.136444172,0.925244872,0.780536565,200,7
0.300103745,0.742427563,0.829282297,200,15
0.52419781,0.911592706,0.831358903,100,27
0.875279905,0.183325401,0.917592869,200,88
0.830147944,0.770217842,0.97119465,100,57
0.070346551,0.813919732,1,100,2
0.844148307,0.837614478,1,100,60
0.02529019,0.670745977,1,150,1
0.284437358,0.80434039,1,100,6
0.847240535,0.196194439,1,150,56
0.723732665,0.454778616,1,150,46
0.091235591,0.073067304,0.308533138,50,1
0.804420738,0.98196626,1,150,89
0.25346353,0.580461658,1,50,2
0.384314388,0.981841218,0.096052052,150,200
0.849696364,0.860811305,1,150,93
0.229797779,0.797513207,1,50,3
0.67791279,0.953823129,1,200,79
0.446962317,0.636904975,0.75619463,100,16
0.125956577,0.068309815,0.634990486,100,1
0.62622823,0.469997722,1,150,32
0.388254526,0.057229485,0.287094385,100,12
0.43889426,0.417182604,0.494998318,50,9
0.63681993,0.215972771,1,100,17
0.796443018,0.628316852,1,100,45
0.926287942,0.676553524,1,50,34
0.511999139,0.930072409,1,50,11
0.000211084,0.876950899,0.80637228,50,1
0.55777229,0.698539746,1,50,11
0.353431459,0.70885597,0.149688932,50,26
0.838813391,0.892966588,0.067311045,100,912
0.292495991,0.07069135,0.59709406,200,6
0.492604946,0.910518556,1,200,39
0.903290718,0.642851591,0.275359585,200,448
0.823725781,0.372735653,0.748597985,200,106
0.902899624,0.692972268,0.436308999,200,293
0.455589517,0.994971746,0.153533687,100,117
0.778617775,0.163343542,0.82889357,150,51
0.431285766,0.865323153,1,200,28
0.154440154,0.412916185,0.844481191,150,2
0.925646733,0.750527954,1,50,36
0.463238966,0.693852115,0.390764492,200,68
0.89908432,0.828523717,0.704302429,50,50
0.87122353,0.219089233,0.190934029,200,426
0.850016519,0.288525062,1,150,61
0.576009875,0.344938835,1,50,8
0.114913881,0.252523624,0.433638567,100,1
0.211605517,0.974447605,1,150,8
0.826997015,0.808350643,1,150,84
0.9148747,0.660708059,1,50,33
0.208791689,0.311822861,1,50,1
0.206069066,0.422379999,1,200,4
0.061611231,0.491609568,1,200,1
0.911435727,0.471031781,1,100,56
0.254823584,0.156260752,1,200,3
0.026265934,0.109663542,1,50,1
0.8914332,0.008981986,0.417469018,200,176
0.563272449,0.557852427,1,150,27
0.465777644,0.113028353,1,50,4
0.612125406,0.176759378,0.741528107,50,10
0.649280928,0.309520506,0.834203306,150,36
0.029608986,0.208436018,1,150,1
0.95809376,0.852413015,0.610075681,50,68
0.982797509,0.536314549,1,200,143
0.489505683,0.982599261,1,100,21
0.364402496,0.667985903,1,50,4
0.194786847,0.648396006,0.172322921,100,14
0.5150466,0.300106405,0.285788565,200,74
0.526067141,0.152761374,1,100,10
0.059701862,0.797992435,0.562501728,150,3
0.72411289,0.82221187,0.793980435,200,104
0.132842273,0.7697752,1,150,3
0.579566895,0.630732511,0.95620761,200,43
0.89724147,0.655587867,1,200,123
0.537367851,0.132419685,0.154123372,50,31
0.519442191,0.722971189,1,200,36
0.579089966,0.954947823,1,100,29
0.95307395,0.373857507,1,100,59
0.894580474,0.146747173,0.901587924,50,23
0.272577607,0.208557677,1,200,4
0.513792137,0.929834735,1,50,11
0.562374853,0.03413481,0.52723451,100,19
0.977041032,0.998272962,1,100,95
0.805045035,0.024896852,0.31392716,200,175
0.131068588,0.297853151,0.029067693,150,23
0.231373477,0.764211402,0.568512013,50,4
0.423576437,0.667902551,0.069784606,150,227
0.939461631,0.32025702,1,100,55
0.954915269,0.23609425,0.302019665,200,354
0.283570537,0.8269318,1,150,10
0.032973754,0.242306302,0.542239949,50,1
0.589600186,0.624445298,1,200,43
0.510787556,0.500150885,0.39408378,50,17
0.057615358,0.590826271,1,50,1
0.571480347,0.406009026,0.169430724,100,93
0.17535313,0.63131462,0.395615823,50,3
0.047651128,0.173246684,1,50,1
0.267543681,0.039784894,1,150,2
0.242337604,0.893415118,0.828229365,200,13
0.769345159,0.774701558,1,100,46
0.760287778,0.021377002,0.357551889,200,129
0.80773209,0.775948802,0.661531836,50,39
0.076021475,0.538290325,0.539592488,50,1
0.002291682,0.971445249,0.8718457,50,1
0.202045104,0.483627848,0.743849704,150,4
0.955365892,0.414377758,1,150,92
0.994868668,0.556576867,1,50,38
0.95857895,0.826877954,0.992878054,50,41
0.911977924,0.396935955,1,150,80
0.955251302,0.634159209,0.725010177,150,147
0.955049998,0.08722624,1,100,48
0.81171516,0.960750713,1,200,120
0.153725234,0.823150799,1,150,4
0.957093341,0.65612142,0.74210062,150,146
0.836429393,0.806757067,1,200,115
0.424208878,0.501225076,0.664742156,150,20
0.838063635,0.874385653,1,150,91
0.309729391,0.30275421,0.342986035,100,9
0.538660306,0.878002948,0.963833891,100,24
0.81857362,0.365977025,1,50,20
0.475129624,0.208387951,0.217863359,200,69
0.26586365,0.418356518,0.713118377,150,6
0.253026991,0.877234342,0.702909532,150,12
0.57527595,0.288565452,0.083859902,200,332
0.442776909,0.480515184,0.077682361,200,236
0.89456923,0.284524563,1,150,70
0.368015401,0.023207601,1,200,6
0.914203749,0.378722455,0.830102512,50,32
0.147029885,0.769513047,1,100,3
0.574914386,0.735172945,1,100,23
0.061900122,0.801811863,0.140486857,100,7
0.10923986,0.712290845,0.250033109,100,5
0.142655581,0.284705061,1,200,2
0.991395689,0.269336992,1,100,61
0.130749117,0.101334955,0.666536246,100,1
0.516507569,0.580721159,1,100,15
0.278996841,0.690947699,0.680857026,150,11
0.160310458,0.899937942,1,200,6
0.154939008,0.757495665,0.021523337,150,146
0.92245478,0.901179616,1,50,39
0.123242893,0.874704843,1,150,4
0.996791411,0.40398242,1,100,68
0.312750014,0.18082,1,150,4
0.615017978,0.911057978,0.801714876,100,39
0.748637048,0.337408517,0.79006607,150,57
0.331785033,0.930208222,1,50,5
0.022142369,0.648515515,0.229664528,150,3
0.10062781,0.27971909,0.17622352,50,1
0.658563385,0.82193283,0.895480454,50,19
0.350221755,0.15294134,1,100,4
0.520081026,0.719883802,0.482585736,150,55
0.649246363,0.666982092,0.932337165,100,30
0.417220516,0.728359756,0.437806851,100,26
0.940617095,0.358485904,0.925139271,200,122
0.279453267,0.561773291,0.690164797,150,9
0.900906047,0.285562487,0.266833864,150,265
0.143013783,0.209799893,1,100,1
0.506425999,0.6856499,0.433006491,200,74
0.898102749,0.235518101,1,200,90
0.967506743,0.550868617,0.685348498,150,152
0.140119522,0.341287936,0.991238034,200,2
0.227772749,0.52648675,1,200,5
0.755503329,0.245532394,1,100,28
0.530978569,0.410536361,0.436117016,200,60
0.352049448,0.861105019,1,150,15
0.079538338,0.056047015,1,100,1
0.037992061,0.805740644,1,200,2
0.614201676,0.268951309,1,50,9
0.183226316,0.531016361,1,150,3
0.131372349,0.441134192,0.662934489,100,2
0.899566598,0.25460186,1,200,92
0.335530804,0.624200497,1,50,4
0.150578377,0.660229787,0.040105942,150,61
0.857709209,0.301142252,0.144323865,150,433
0.400994938,0.938590825,0.459326037,100,29
0.90796545,0.387843691,1,100,52
0.465304415,0.88262169,0.206555187,200,161
0.61620509,0.482914745,0.054016705,150,570
0.05207372,0.505401797,0.665808202,50,1
0.907158647,0.660335076,1,100,64
0.870244444,0.401245419,0.835451179,100,57
0.640212261,0.772257272,1,150,45
0.371379441,0.520272472,0.509593655,100,13
0.505720707,0.57132569,1,200,28
0.751344,0.37049854,1,100,31
0.30689309,0.323701034,0.182522556,100,17
0.007616277,0.238475387,0.95139464,50,1
0.090870108,0.953241993,0.978472616,200,4
0.945941009,0.240055249,0.067408646,200,1547
0.192885762,0.235796346,0.154616944,100,6
0.99710645,0.280540731,1,150,94
0.005410159,0.428203079,0.250286857,150,1
0.249454964,0.666176112,1,50,2
0.73380516,0.598029955,0.772693757,150,69
0.802573204,0.994984935,0.727207606,150,123
0.271280462,0.463070872,1,100,3
0.003134715,0.18959182,0.159883947,200,1
0.547644339,0.007142404,0.737932399,200,24
0.961449239,0.406005656,1,200,123
0.160966784,0.676216421,1,100,2
0.635119656,0.560064627,1,50,12
0.759035045,0.064810736,0.463077401,200,104
0.307327002,0.52754418,0.73038807,100,6
0.565884188,0.154963039,1,150,17
0.914624806,0.057084294,0.078415406,200,1047
0.730160227,0.943207611,1,50,24
0.641159934,0.964966654,1,100,36
0.295506632,0.065268407,0.809026179,100,2
0.512054921,0.914597292,1,200,42
0.299848002,0.639048415,1,50,3
0.830087986,0.220972089,1,200,72
0.694623271,0.780505811,1,50,19
0.911788588,0.300007108,0.362507658,200,272
0.330778897,0.678793807,0.935820532,150,11
0.38462434,0.861326332,1,100,12
0.412016116,0.990995131,1,200,30
0.434686714,0.325741189,0.540690812,50,7
0.843287135,0.981392421,0.94130642,150,106
0.946466697,0.717939487,0.794710198,200,184
0.349564647,0.108376623,1,150,5
0.388976558,0.813220214,0.073441906,200,290
0.550383197,0.660358693,1,200,38
0.034073791,0.113314446,0.098787172,50,1
0.840370744,0.926218012,1,50,32
0.755695472,0.673467983,1,200,81
0.463058431,0.481909263,1,150,16
0.63626511,0.026382794,1,100,14
0.16099756,0.705501621,0.233681557,150,13
0.203692775,0.05803981,1,150,1
0.188863623,0.369872914,1,100,2
0.311478168,0.390575208,0.973740626,50,2
0.883901399,0.936542962,1,200,144
0.078980304,0.732619538,1,50,1
0.161840247,0.663609982,1,50,1
0.242332985,0.90859801,0.03257046,200,326
0.757175672,0.909192156,0.01261186,100,3874
0.534138625,0.029593679,0.664941449,100,13
0.405978357,0.719870117,1,200,21
0.169877767,0.689126761,0.039259365,150,79
0.065173599,0.429325912,0.944478082,100,1
0.501380878,0.592341777,0.13433637,100,105
0.731795811,0.174767671,0.835610056,150,43
0.813034604,0.099236911,1,50,16
0.927536325,0.045768927,0.941802144,50,23
0.711655977,0.622524246,0.243395009,50,69
0.404931724,0.171469988,0.30096158,50,8
0.354669181,0.51610157,1,100,6
0.106017751,0.220470815,0.863364349,200,1
0.093922836,0.717356151,1,50,1
0.92945199,0.907352951,1,100,80
0.97619038,0.841085577,1,100,86
0.056242545,0.250031293,1,100,1
0.95610541,0.414247253,1,50,31
0.345246377,0.267115254,0.769224699,100,5
0.120183265,0.361485127,1,150,1
0.243011936,0.389250365,1,150,4
0.79367554,0.607790108,1,200,87
0.285921617,0.967584906,0.447365867,200,34
0.168498857,0.17820401,0.689912234,50,1
0.49434056,0.608038514,1,100,14
0.233154696,0.200682274,0.418484905,100,3
0.686550654,0.604789077,1,200,61
0.116230852,0.557550329,1,100,1
0.591301604,0.524682833,0.652818383,150,45
0.590000274,0.011307925,1,100,11
0.459257599,0.821182628,0.187077333,200,161
0.21724089,0.409086318,0.00585077,50,143
0.597044286,0.0103895,1,50,6
0.252806041,0.921853359,1,200,12
0.947459517,0.37235768,1,50,29
0.74159662,0.734201999,1,150,61
0.423689852,0.560278226,0.471978416,100,20
0.681355497,0.106434606,1,150,28
0.546212497,0.785679413,1,150,32
0.205801589,0.824863672,0.305566048,100,12
0.928109283,0.253286545,0.370171307,150,203
0.275286141,0.131007621,0.451785216,200,7
0.528341877,0.517760487,1,100,15
0.295298612,0.638800569,1,150,8
0.831650975,0.579412167,0.681503252,50,35
0.594234611,0.651025507,0.831022585,50,14
0.177512364,0.822812566,0.447794985,50,4
0.86641488,0.181926928,0.460450749,100,85
0.441976172,0.424030486,1,100,9
0.156280568,0.737071135,1,50,2
0.37415101,0.308958241,1,50,3
0.423555357,0.141588498,0.756073152,200,14
0.995005889,0.977257541,1,100,98
0.933357258,0.528651313,1,50,31
0.497773257,0.227815819,1,50,5
0.630862842,0.852539821,1,50,16
0.652289368,0.059826576,1,200,31
0.543975851,0.326863075,0.525503569,50,12
0.721080076,0.402273034,0.479065042,50,30
0.038901065,0.933377438,0.581424354,150,3
0.795506154,0.2281306,0.87946303,100,37
0.330330963,0.197671079,0.42070195,50,4
0.356990369,0.759817782,0.161468882,100,52
0.261272139,0.966023541,0.563686155,200,24
0.313021144,0.77603069,1,200,14
0.689494298,0.7498371,0.08099687,100,427
0.376890174,0.45551561,1,50,4
0.028566794,0.719997545,1,200,1
0.439277541,0.304869984,1,50,4
0.919005069,0.513144422,1,150,89
0.022421465,0.425116112,1,200,1
0.061733988,0.193033112,1,100,1
0.033416525,0.793106636,0.110649864,100,6
0.846226124,0.654128979,0.22437147,50,118
0.688720931,0.733690812,1,100,34
0.422259106,0.835906446,1,100,13
0.566992489,0.040883641,1,200,20
0.011973504,0.26873753,0.836241,50,1
0.144108408,0.662585134,0.229543618,200,14
0.778123988,0.566496624,0.166830774,50,120
0.89720928,0.771251059,0.27106094,150,367
0.621033687,0.517027405,1,50,11
0.187070633,0.274298233,0.621140385,100,2
0.161190372,0.802716188,1,100,3
0.305968793,0.716312776,0.930765635,150,10
0.095691302,0.246012084,0.184006123,150,2
0.614669638,0.75481976,1,100,27
0.000424935,0.843301722,0.184657506,150,4
0.610209935,0.062828999,1,200,26
0.836954583,0.142287425,0.893284074,100,39
0.881059005,0.72061742,0.796963026,100,77
0.262007291,0.291176865,0.655448285,200,6
0.332346756,0.905070253,1,100,9
0.028731984,0.290189808,1,200,1
0.843468641,0.85777326,0.172795399,50,176
0.448279533,0.34093319,1,100,8
0.281890418,0.169447079,0.329897553,150,8
0.929953007,0.915561789,0.085975225,200,1854
0.512113892,0.507408194,0.816580205,200,33
0.605421833,0.893260307,1,150,44
0.702628072,0.749693852,0.658217621,100,55
0.149469184,0.656874064,1,50,1
0.038057772,0.87397565,0.702461698,50,1
0.400325996,0.533923049,0.186062442,100,42
0.53885777,0.933395037,1,100,24
0.259822607,0.936759311,0.286302551,100,22
0.801306142,0.895490884,0.801643052,100,69
0.480432264,0.560451274,1,200,25
0.60272273,0.029563268,1,50,6
0.384354966,0.711904683,1,100,10
0.87751952,0.750780038,0.619324978,150,150
0.849378269,0.817683128,0.917063903,150,99
0.726864222,0.739128661,0.607057946,100,64
0.727321111,0.210534773,0.241100094,150,152
0.981118816,0.837670674,0.555233216,100,156
0.944512909,0.241817779,1,50,26
0.358089381,0.323060625,0.282671159,100,16
0.224438935,0.098448386,1,100,1
0.672593051,0.704167626,0.213255192,150,221
0.31352517,0.985644932,0.887863789,200,21
0.421593992,0.911773291,1,50,8
0.903361188,0.292388587,1,200,96
0.84806966,0.165637867,1,50,19
0.795538329,0.416054282,0.349545718,200,214
0.907969499,0.288882707,0.936643968,200,103
0.266542427,0.63653084,0.020244949,200,391
0.330987882,0.336677405,1,100,4
0.113661114,0.80039593,0.019599155,200,162
0.929385597,0.047043868,1,100,43
0.884154391,0.87614557,1,200,138
0.174520996,0.778665889,0.361919649,50,4
0.012656088,0.726440363,1,50,1
0.384028707,0.534137842,0.953169666,50,4
0.254271406,0.474376726,1,100,3
0.366875604,0.167693117,0.239626429,100,15
0.997241121,0.165796898,1,200,115
0.635740156,0.851479287,0.187872902,50,84
0.431398696,0.56396138,1,100,10
0.679074529,0.466160779,0.26193352,50,50
0.84916831,0.692002612,1,100,55
0.431105648,0.164794382,1,150,9
0.322483768,0.794369146,1,100,8
0.375768371,0.553717866,1,100,7
0.640095447,0.112373339,0.198719923,150,116
0.964586424,0.859577534,0.689218095,150,183
0.35090351,0.307885334,1,200,9
0.515063748,0.592876998,1,50,8
0.864087591,0.802474588,1,150,93
0.225358717,0.750005516,0.167725689,150,33
0.153820449,0.962540632,1,200,7
0.078323309,0.260677406,1,100,1
0.094614768,0.133126078,1,50,1
0.161344541,0.661579889,0.404676965,100,5
0.617874736,0.03825423,0.889770284,50,8
0.172297417,0.932517172,0.111536462,50,16
0.712764589,0.249622079,1,150,36
0.854168987,0.710308816,1,100,57
0.689047527,0.521274877,1,100,29
0.608384667,0.521138168,0.585493049,100,36
0.693203126,0.907100238,0.502979024,150,119
0.761551548,0.895068663,1,150,74
0.378455701,0.90990208,1,200,23
0.382181144,0.420561859,1,100,6
0.819294043,0.171357099,0.497926615,200,132
0.40767844,0.083191576,0.95220973,150,7
0.750147027,0.053204362,0.799693575,100,29
0.484750284,0.288118239,1,50,5
0.099131559,0.142123331,0.553196393,200,1
0.846916931,0.774851203,1,200,116
0.048962627,0.341738636,0.9450893,50,1
0.51941948,0.114007492,0.383343475,100,22
0.854788407,0.734873661,1,150,87
0.326706659,0.920173126,1,50,5
0.344274436,0.858327383,1,150,14
0.91912093,0.953365825,1,150,120
0.425517905,0.163397603,1,50,3
0.354022655,0.658093472,1,100,8
0.415412378,0.021294606,1,200,8
0.176644239,0.074669834,0.449412591,50,1
0.600430623,0.263282261,0.019271403,200,1572
0.951846826,0.51589123,0.281634121,150,345
0.544855763,0.855554035,1,150,34
0.16466457,0.183632679,0.14031914,200,7
0.830161402,0.451588191,1,150,65
0.587586099,0.932393418,1,150,43
0.337600268,0.603753736,0.846349845,200,15
0.030890315,0.261174244,0.671124809,200,1
0.821392937,0.808063471,0.994283024,200,111
0.697632685,0.674906656,0.899677609,150,56
0.318893439,0.184101409,0.522804907,50,3
0.122275793,0.808900643,0.572817549,50,2
0.201623056,0.151987297,1,200,2
0.792046647,0.234706728,1,200,64
0.128979102,0.238896741,0.871619303,50,1
0.337287429,0.700106146,1,50,4
0.763374727,0.499137394,1,200,72
0.675320297,0.277948221,1,200,43
0.281233732,0.240171973,1,150,4
0.612852211,0.741149773,1,100,27
0.323291727,0.355104481,1,50,2
0.920988718,0.26051779,0.591344763,50,42
0.472746061,0.99777478,0.043790313,50,221
0.801725456,0.678135116,0.86765293,50,28
0.903970373,0.54804572,0.58041661,100,100
0.863638946,0.615331134,0.416669423,200,259
0.211947793,0.395522422,1,150,3
0.036271474,0.99116384,0.166133142,50,4
0.993554521,0.239538871,1,200,120
0.740954008,0.593563338,0.849440053,100,43
0.981130813,0.132415807,1,200,107
0.571202969,0.145306961,1,200,23
0.024486448,0.38587377,1,100,1
0.702025546,0.64225835,0.049948261,50,329
0.236326888,0.579712633,0.898893114,150,5
0.95528389,0.900457997,1,50,43
0.455447258,0.71040709,0.587033724,100,23
0.667626797,0.622217106,0.669758971,50,22
0.526036575,0.645570852,1,200,34
0.047353936,0.723626619,0.061253422,150,15
0.777486751,0.894591329,0.234290146,50,110
0.794602103,0.435690733,0.786051683,150,73
0.892035343,0.333391698,1,150,72
0.579152212,0.819084507,1,150,37
0.999725159,0.800238278,1,150,133
0.487908929,0.246960855,0.767246195,100,12
0.051110122,0.012440978,1,200,1
0.364229725,0.505357442,1,50,4
0.13065086,0.950174539,0.295593752,150,13
0.194877645,0.209211219,0.512732335,150,3
0.605606861,0.287528622,0.753816759,100,22
0.713097525,0.254830851,1,150,36
0.250079221,0.329364732,0.748836325,150,4
0.04651844,0.392825875,0.086883163,50,1
0.559322651,0.516756077,1,100,17
0.375558062,0.090821022,1,150,5
0.404506186,0.012939495,1,150,6
0.6975387,0.417973563,0.494416293,100,54
0.07107155,0.711015967,1,200,2
0.933309877,0.736131651,0.127010901,50,282
0.191360719,0.928896523,1,100,4
0.68499269,0.873317252,0.616273901,150,92
0.663537919,0.585992717,0.07087151,100,384
0.563741038,0.82709763,0.785319731,100,30
0.58424527,0.50986317,0.84198319,200,44
0.644342881,0.674885568,0.141318467,150,293
0.326575321,0.393480183,0.235534052,150,26
0.053883448,0.534455155,1,150,1
0.517884008,0.017354367,1,200,15
0.853477861,0.065308109,1,100,34
0.133197084,0.178637645,1,100,1
0.383342479,0.649930898,1,150,13
0.522644143,0.06621128,0.366342309,100,22
0.383638871,0.795472561,0.855639478,50,6
0.90854604,0.081499608,1,50,21
0.692712469,0.260573731,0.835137337,50,14
0.955895821,0.53576652,1,50,34
0.801825926,0.976530333,1,50,30
0.865318117,0.053268192,1,100,35
0.561064682,0.733909381,1,200,43
0.982912042,0.83414315,0.373115409,100,233
0.656832116,0.376605657,1,150,33
0.250495643,0.218755532,1,150,3
0.531696739,0.919846985,1,200,46
0.519180336,0.403432843,0.262456591,50,24
0.051247327,0.760753638,0.87517512,50,1
0.84454836,0.744152182,1,50,29
0.583729716,0.420814832,0.453700494,50,19
0.644771473,0.653153859,0.149800607,100,181
0.857360723,0.34555595,0.86536801,150,75
0.241099545,0.523581009,0.292529744,200,19
0.158520304,0.050581565,1,50,1
0.933763791,0.471292645,1,150,90
0.404681072,0.962734299,0.474851288,200,58
0.659799352,0.254028636,1,100,20
0.883710315,0.181283132,1,200,83
0.961219125,0.221220065,1,100,54
0.486549683,0.58324391,1,150,20
0.489805729,0.040873067,1,150,10
0.658248747,0.779696055,0.317556547,150,151
0.8751813,0.890933699,0.622225155,150,164
0.511802673,0.548364696,0.836227697,150,26
0.748259961,0.149821898,1,50,13
0.383195682,0.822904373,0.530806791,100,20
0.855655493,0.774368505,0.22115127,150,402
0.265776723,0.71880243,1,200,10
0.351970146,0.775276106,0.979232572,150,13
0.572810275,0.170448471,1,100,12
0.021424691,0.376697709,1,200,1
0.213291087,0.735381294,0.902083719,100,4
0.471133337,0.521742883,0.008734846,50,639
0.852516455,0.946002279,0.561985267,100,118
0.339552595,0.159426955,0.710449928,100,4
0.566151344,0.507010042,0.660519082,150,39
0.675492255,0.307518065,1,200,44
0.10232365,0.552645772,1,100,1
0.617489454,0.497553461,1,100,21
0.21510803,0.726320945,0.415998497,100,8
0.961808788,0.551640537,0.730935791,50,47
0.645939162,0.133230682,0.747519918,150,33
0.160529307,0.418910244,1,150,2
0.615778236,0.838285117,0.490372712,200,118
0.504909717,0.159810683,0.146073537,150,86
0.532157961,0.399953997,0.95936574,200,27
0.924248194,0.305794734,1,200,103
0.004450451,0.757473785,0.754428822,50,1
0.871279728,0.572730018,0.652478114,50,41
0.241227452,0.024508274,1,200,2
0.035348101,0.593002519,1,200,1
0.504754542,0.846739373,0.813259792,200,47
0.727218438,0.127152105,0.690094804,200,65
0.460934687,0.599645595,0.736204106,150,24
0.983403156,0.729293709,1,200,163
0.749147869,0.536873683,1,100,36
0.751247824,0.100940035,1,100,24
0.907168338,0.585221558,1,200,120
0.904323849,0.578191811,1,150,89
0.858793621,0.586951661,0.013897193,100,3746
0.328711609,0.991091669,1,150,15
0.125738032,0.880727015,0.329419983,200,13
0.476198104,0.127934424,1,50,4
0.891548086,0.588117106,1,100,58
0.602582341,0.028344112,0.959905726,50,7
0.038954517,0.878907225,1,200,2
0.919689998,0.791728136,1,150,108
0.346537719,0.534140619,0.029938286,50,95
0.047047946,0.246987066,0.558763077,200,1
0.891836117,0.690121961,1,100,62
0.137092929,0.552050616,0.193140411,100,6
0.823918372,0.351591871,1,50,20
0.23283183,0.141972532,0.406934878,100,3
0.558689967,0.415164957,0.113996665,150,196
0.795809676,0.295261796,1,100,34
0.27727186,0.721869596,1,100,5
0.485952312,0.412288561,1,200,21
0.430603862,0.728680515,1,100,12
0.286359074,0.262736434,0.676328007,150,5
0.669145456,0.83593735,1,50,18
0.557891339,0.455011771,1,150,24
0.293896496,0.587090535,0.134360995,150,49
0.794758355,0.986009939,0.401564106,150,216
0.806322873,0.19780325,0.210485726,150,229
0.456491322,0.176833724,1,200,13
0.79676646,0.673266948,0.314701676,50,74
0.559277822,0.525991445,0.517407032,150,49
0.994226722,0.571551244,1,150,113
0.88635727,0.133061889,1,50,20
0.838588757,0.061452176,1,50,16
0.472408892,0.920728165,1,50,9
0.909701844,0.021430777,1,50,20
0.461640197,0.718526353,1,150,21
0.002134389,0.607880589,0.050024257,200,8
0.276817499,0.395041627,1,100,3
0.402242325,0.864968721,1,200,25
0.874704081,0.76891674,0.632703615,100,99
0.821012356,0.702036304,1,150,77
0.765915986,0.873699253,0.962554638,150,77
0.024995294,0.277516923,1,100,1
0.164223255,0.193179721,0.151866424,100,4
0.313056513,0.999557121,1,50,5
0.395816513,0.812235714,0.977457081,150,17
0.45135955,0.359055355,0.222176373,200,74
0.878491647,0.163320704,1,150,60
0.504079677,0.271149692,0.282026545,150,51
0.798672314,0.405706993,0.003131995,200,23843
0.591262602,0.799583837,0.967806913,200,53
0.596636849,0.904550031,1,100,29
0.43747037,0.469131734,0.772463197,150,17
0.912315108,0.185812099,1,150,68
0.890426125,0.084564674,0.834749198,200,93
0.434492282,0.86463128,0.105784412,50,67
0.752956025,0.88846225,1,150,72
0.416878607,0.201913688,1,200,11
0.29803267,0.417971862,1,150,6
0.648650747,0.537888579,1,200,50
0.338787283,0.481433656,0.633507462,200,16
0.673953378,0.466349943,1,150,38
0.513639359,0.13081917,1,100,9
0.663871511,0.573393581,0.019498593,200,2763
0.26969716,0.568646421,1,150,6
0.381327562,0.966066813,0.930077733,50,7
0.394800229,0.909642465,0.706467298,50,9
0.861755439,0.475056291,0.445090209,200,217
0.079522196,0.074171023,1,50,1
0.606780416,0.929940847,0.405466174,150,112
0.34018669,0.588745697,0.952206223,50,4
0.508787772,0.206100909,1,100,10
0.984080332,0.983712276,1,50,48
0.393439986,0.036319319,1,200,7
0.092659211,0.606996307,1,150,2
0.722825401,0.57994007,1,100,34
0.650330022,0.973232281,1,50,19
0.799655867,0.415202122,0.984176017,50,20
0.131467296,0.124431268,1,200,1
0.607121893,0.862037023,0.03100687,100,920
0.930598296,0.682065231,0.512777513,50,67
0.051698421,0.347153372,1,50,1
0.950884853,0.829177139,1,100,80
0.309603442,0.60201365,0.50081234,50,5
0.441279467,0.224522957,1,50,4
0.281023114,0.036996096,1,50,1
0.270076601,0.463460507,0.130636403,100,23
0.73791093,0.092137386,1,50,12
0.088402099,0.336452885,0.056202794,100,5
0.268249233,0.055165927,0.384256213,150,5
0.244905871,0.309408755,1,200,4
0.371413016,0.795309832,0.477498442,150,30
0.39651026,0.412368772,0.93821092,200,14
0.896935782,0.119869412,1,100,41
0.609624668,0.033462621,0.630041171,100,20
0.258196844,0.458110843,0.394643291,50,4
0.332650855,0.103472746,0.930591312,200,6
0.62071537,0.941501616,0.69892288,200,92
0.692923233,0.781234389,1,150,54
0.109236358,0.15656981,1,200,1
0.287588575,0.141108978,0.499024885,50,2
0.011070588,0.029869951,1,50,1
0.623431419,0.597116432,1,100,24
0.739837075,0.656632295,1,150,57
0.637159858,0.050903733,0.331919751,150,64
0.056906864,0.469698863,0.107270105,100,3
0.871020989,0.265156198,0.856027015,150,74
0.685926231,0.35320088,0.691074576,150,52
0.745347719,0.40259662,0.24175324,200,257
0.603366536,0.649902212,0.882899752,150,40
0.174350289,0.647827067,0.646926129,100,4
0.085141388,0.604498545,0.175929719,150,6
0.63137826,0.397991839,0.751171993,50,14
0.112295725,0.806248069,0.112534296,100,15
0.91531134,0.564352068,1,50,31
0.232990226,0.717123051,1,50,2
0.593186044,0.362095809,0.52990122,50,16
0.987116102,0.785222818,0.538070418,150,237
0.039923601,0.33941441,1,150,1
0.087094339,0.602032441,1,200,2
0.530932748,0.556201884,1,150,24
0.895804865,0.582930902,1,200,116
0.752066487,0.425504465,1,150,49
0.96071973,0.394523064,0.733491113,200,166
0.617534329,0.823058905,1,100,29
0.588514131,0.539740798,0.629493267,150,47
0.742074397,0.259782439,0.619795476,50,22
0.571028126,0.393103511,1,50,8
0.814331935,0.631442655,0.02923383,200,3219
0.335124313,0.606525899,1,50,3
0.295121067,0.149627547,1,50,1
0.673931078,0.815136905,1,150,52
0.606634719,0.655142736,0.686418631,100,35
0.265260011,0.006468056,0.950216626,50,1
0.647127723,0.238437987,1,50,10
0.408327425,0.397975859,0.616469895,100,11
0.158906175,0.706207144,1,100,2
0.49946999,0.625979159,1,200,29
0.734153499,0.612928623,0.338778757,200,212
0.035144525,0.985283985,1,50,1
0.438437808,0.968829974,1,150,25
0.513460097,0.074534459,1,150,12
0.186366261,0.030209062,0.394101531,150,2
0.862719134,0.242052282,0.033107099,50,609
0.731128408,0.516695129,0.466325091,200,140
0.926646922,0.651945322,1,50,34
0.809889044,0.810159286,0.134774668,100,395
0.313193418,0.536413595,1,100,5
0.953394803,0.698990442,1,50,37
0.497941908,0.686910274,1,150,24
0.061988174,0.536146906,0.861246283,50,1
0.48009726,0.429596031,1,150,16
0.597605864,0.1155424,0.667707152,200,38
0.494723135,0.37771638,0.123489346,100,85
0.017370266,0.005659089,1,100,1
0.942403245,0.433788538,0.694866188,150,129
0.314644682,0.889416002,0.953499942,100,9
0.329085316,0.63427283,1,100,6
0.953917464,0.138453344,1,150,75
0.792669098,0.482645138,1,200,79
0.299372041,0.799079042,1,200,13
0.698852584,0.00591662,0.448241493,150,59
0.346285558,0.879475346,1,100,10
0.739324982,0.780577864,0.046917703,50,446
0.070401838,0.163095725,1,200,1
0.053688591,0.762685818,1,100,1
0.957147389,0.5579249,0.666322414,100,102
0.94096033,0.210259377,1,100,51
0.714830564,0.54515813,0.506274078,100,63
0.662545153,0.113575771,1,50,9
0.984330959,0.954404548,0.653287579,100,144
0.962622711,0.938493749,0.21426156,100,411
0.886169273,0.98882802,1,150,112
0.265061572,0.058012347,1,200,3
0.50617418,0.978557379,0.62955698,200,69
0.556974617,0.332403109,0.349498749,150,58
0.661985887,0.161100434,1,100,18
0.185978005,0.534067208,0.959472989,200,4
0.856356763,0.894629189,1,150,97
0.054403298,0.634331811,0.134564583,100,4
0.076600238,0.558283602,1,150,1
0.268182325,0.66829246,0.779969344,150,9
0.385898127,0.262274659,0.680723599,100,7
0.337685264,0.451532764,1,200,10
0.209876106,0.970609466,1,50,3
0.108240671,0.274104932,0.610240032,150,1
0.958719438,0.672011458,1,150,110
0.794782297,0.651562326,0.748155628,200,121
0.955792441,0.211036938,0.347297513,50,76
0.159973624,0.462467277,1,150,2
0.38467057,0.258939723,0.856818169,200,11
0.354519096,0.048996295,0.336897762,100,8
0.077418794,0.943836411,0.860832272,50,1
0.82594754,0.352475427,0.500566766,200,157
0.564344879,0.803956907,1,50,12
0.483453806,0.896257441,1,50,10
0.095382854,0.773809658,0.354927024,100,4
0.471580514,0.602458118,1,50,7
0.439541178,0.440320536,0.727093401,150,18
0.748941605,0.328663197,0.295810348,50,50
0.286809486,0.593291036,0.336620325,100,13
0.529670826,0.920955571,1,100,23
0.570452703,0.735398354,1,200,44
0.43121563,0.191186253,1,50,3
0.219550101,0.771427149,1,200,8
0.590368124,0.374851379,1,200,33
0.186119158,0.42472118,0.172358067,150,12
0.84652733,0.081456525,0.621060355,50,27
0.193009455,0.412181712,0.880099169,50,1
0.350148063,0.077246782,1,100,3
0.665140651,0.441592176,1,50,12
0.668442888,0.091333752,0.241670658,100,70
0.427513003,0.422555339,1,150,12
0.467362028,0.23600477,1,100,8
0.215307593,0.291757503,0.317922481,200,8
0.70201925,0.624410806,0.0141649,150,3427
0.867921847,0.368861371,0.469216401,50,49
0.816034756,0.774480418,1,50,27
0.053536873,0.602321546,1,100,1
0.691776605,0.284056161,1,200,46
0.80205409,0.706074037,0.012749234,50,1882
0.302884055,0.295896508,0.827848506,50,2
0.048186198,0.317444575,0.329898822,100,1
0.860507908,0.16041718,1,50,19
0.069565658,0.21532855,0.060119947,100,2
0.509494179,0.454047434,1,100,13
0.970640058,0.296792195,0.969385821,150,91
0.803008783,0.832648205,0.092780151,50,286
0.683200426,0.572487886,1,100,29
0.278225276,0.900417073,1,100,7
0.789896439,0.183345032,0.810307516,200,74
0.430178528,0.027352405,1,50,3
0.403845864,0.65998742,0.027259997,150,519
0.658826207,0.763564516,1,200,63
0.502966407,0.299707079,0.602885042,50,9
0.957825337,0.227843268,0.869871279,200,124
0.366808446,0.618885763,0.012492495,50,291
0.740917515,0.74809319,0.896583127,150,69
0.360520672,0.811215185,0.290385854,50,16
0.863495841,0.690719015,0.5129119,150,167
0.480517766,0.668452436,0.533353036,200,53
0.874233344,0.161071451,1,100,40
0.820130862,0.394194051,1,50,20
0.097271495,0.336159701,1,150,1
0.717355764,0.524768781,1,150,47
0.532012172,0.827412103,1,150,31
0.603133662,0.756209458,1,150,39
0.689366914,0.594438318,0.340239376,150,133
0.847132828,0.632843556,0.600819554,100,87
0.759111526,0.627278231,0.019055401,50,1033
0.797458204,0.349033921,1,200,71
0.586789612,0.16155092,1,100,13
0.006196809,0.231909377,0.609360939,150,1
0.502097027,0.078842669,1,50,4
0.493411713,0.465697981,1,150,18
0.867722758,0.336963577,1,50,23
0.248101065,0.756182011,0.359845843,150,18
0.96459146,0.851563978,1,50,42
0.080505547,0.926791907,0.691934989,100,3
0.64457069,0.537386041,0.287431803,200,169
0.115649857,0.98005991,0.594688094,100,5
0.378480847,0.63560687,1,100,8
0.620031537,0.952391151,0.82960727,150,59
0.08031009,0.2971509,1,200,1
0.187421243,0.892230951,0.026584782,200,267
0.633555454,0.043894593,0.077430418,50,89
0.624160202,0.466598929,0.201575368,50,52
0.389002885,0.945372552,1,100,13
0.252660014,0.201777118,1,100,2
0.599332963,0.464363276,1,100,19
0.787278901,0.239269682,1,50,16
0.934529947,0.40445008,0.983212015,150,87
0.161481994,0.609410732,1,150,3
0.680544541,0.476095618,1,50,14
0.776429164,0.165546981,0.211405388,50,67
0.1451174,0.74913526,0.67303393,200,6
0.510197341,0.049242249,1,150,11
0.847724559,0.420363901,1,150,67
0.109709835,0.437158544,0.547888657,100,1
0.888221441,0.857587826,0.714307253,200,193
0.404561438,0.943054825,1,150,21
0.048100113,0.210596035,1,150,1
0.062430297,0.54443366,0.203745368,100,2
0.903182882,0.808824854,1,150,104
0.434121647,0.421515218,0.617693597,200,27
0.926450649,0.430569242,1,50,29
0.11748224,0.244629114,1,100,1
0.261241005,0.562500303,1,150,5
0.455579212,0.595634937,1,100,12
0.024212451,0.375443842,0.019800206,150,7
0.596269423,0.327997965,0.702943122,150,35
0.451398273,0.948083716,0.685022721,100,25
0.886068575,0.527028595,0.551502066,150,147
0.589291231,0.626774334,0.584361694,150,55
0.133381943,0.990116805,1,150,5
0.679030868,0.136802609,1,100,19
0.625188864,0.394710424,1,50,10
0.994159463,0.328465935,0.424514363,100,151
0.530651549,0.516785399,0.990469023,100,15
0.337737059,0.675066962,0.524108198,50,7
0.848809029,0.673738019,1,50,27
0.725240912,0.95553237,1,200,92
0.584615747,0.454560134,0.951600074,150,28
0.815294775,0.003495069,0.139296294,150,300
0.78911085,0.357005251,1,200,70
0.246183826,0.038672548,1,150,2
0.201834086,0.010463691,0.998690774,150,1
0.891804863,0.592373526,0.072595449,100,794
0.461548024,0.92152651,0.540015769,150,48
0.261099852,0.92475296,0.425425525,50,8
0.719751013,0.34307187,1,100,27
0.932181757,0.501414654,1,50,31
0.83217143,0.051791428,1,100,31
0.623517297,0.598770857,0.457147495,100,52
0.268364435,0.279839155,0.244681193,200,17
0.041086381,0.037445577,1,50,1
0.947516399,0.736533692,1,50,38
0.380712558,0.566634421,0.503400018,200,29
0.631482421,0.667083456,0.99150294,100,27
0.779410936,0.637468808,1,200,85
0.30716625,0.703811398,1,50,3
0.311023443,0.228087792,0.892467315,200,6
0.480463768,0.316169347,1,50,5
0.086537236,0.04324572,0.557745601,50,1
0.568686864,0.61390821,0.994488334,50,10
0.183601515,0.344685321,0.17735296,200,12
0.608821977,0.566534475,0.596321325,150,55
0.478055658,0.266509442,1,100,9
0.718059083,0.136626653,0.947741053,150,35
0.584950463,0.597346819,1,150,31
0.31412658,0.257379102,0.778336456,150,6
0.95497219,0.042494802,1,50,24
0.839935677,0.013461512,1,150,47
0.407229998,0.961637217,0.793094891,150,27
0.026751788,0.277413156,1,200,1
0.0966956,0.620465168,0.376220686,50,2
0.742951845,0.01275323,1,200,43
0.611199803,0.467875908,0.418143725,200,95
0.573201717,0.811766914,1,150,36
0.735828542,0.503936829,1,50,17
0.077025138,0.109136276,0.861455211,100,1
0.673243893,0.835235602,1,50,18
0.484608107,0.255473221,0.10892529,150,117
0.519936889,0.492462662,0.035038789,200,778
0.700047459,0.117264115,0.904777307,50,11
0.356267627,0.891649628,1,200,20
