Title,Genres,Language,Subtitle,Date of Release,runtime,Cast,Director,Distributor,Overview
The Marksman,Action/ Thriller,English,Chinese,2021-02-25,107,"Liam Neeson, Katheryn Winnick, Teresa Ruiz, Juan Pablo Raba",Robert Lorenz,GVP,"Hardened Arizona rancher Jim Hanson (Liam Neeson) simply wants to be left alone as he fends off eviction notices and tries to make a living on an isolated stretch of borderland. But everything changes when Hanson, an ex-Marine, witnesses 11-year-old migrant Miguel (Jacob Perez) fleeing with his mother Rosa (Teresa Ruiz) from drug cartel assassins led by the ruthless Mauricio (Juan Pablo Raba). After being caught in a shoot-out, an injured Rosa begs Jim to take her son to safety to her family in Chicago. Defying his step- daughter Sarah (Katheryn Winnick), Jim sneaks Miguel out of the local U.S. Customs and Border Patrol station and together, they hit the road with the group of killers in pursuit. Jim and Miguel slowly begin to overcome their differences and begin to forge an unlikely friendship, while Mauricio and his fellow assassins blaze a cold-blooded trail, hot on their heels."
The Diam Diam Era Two 我们的故事之沉默的年代2,Drama/ Comedy,Mandarin,"English, Chinese",2021-02-11,91,"Mark Lee 李国煌, Richie Koh 许瑞奇, Danny Lee 李博 翔, Meixin Macy 美心, Henry Thia 程旭辉, Wang Lei 王雷, Yap Hui Xin 叶慧馨, Regina Lin 林昀憓, Suhaimi Yusof, Silvarajoo Prakasam",Jack Neo 梁志强,GVP,"The story continues with Ah Kun, Osman and Shamugam forming a political party C.M.I to contest in the 1988 General Election. The fervent of campaigning has swept up both Ah Kun's and Zhao Di's family. As Ah Kun thinks of many ways to garner support, will both families be dragged in as well? Can Ah Kun really win the election?"
Tom & Jerry,Animation/ Comedy/ Family,English,Chinese,2021-02-11,101,"Chloe Grace Moretz, Michael Peña, Colin Jost, Rob Delaney, Ken Jeong",Tim Story,WB,"One of the most beloved rivalries in history is reignited when Jerry moves into New York City’s finest hotel on the eve of “the wedding of the century,” forcing the event’s desperate planner to hire Tom to get rid of him, in director Tim Story’s “Tom & Jerry.” The ensuing cat and mouse battle threatens to destroy her career, the wedding and possibly the hotel itself. But soon, an even bigger problem arises: a diabolically ambitious staffer conspiring against all three of them. An eye-popping blend of classic animation and live action, Tom and Jerry’s new big-screen adventure stakes new ground for the iconic characters and forces them to do the unthinkable… work together to save the day. "
Doraemon The Movie: Nobita's New Dinosaur,,Japanese,"English, Chinese",2021-02-25,110,"Megumi Oohara, Wasabi Mizuta, Yumi Kakazu, Subaru Kimura, Tomokazu Seki",Kazuaki Imai,Odex,"Nobita hatches two new dinosaurs, named Kyu and Myu, via the Time Cloth. Nobita nurtures and takes care of these dinosaurs, to prove to his friends that he can find a real dinosaur. Once the dinosaurs are of age, Nobita shows them to Shizuka, Gian, and Suneo. Afterwards, the gang takes a trip to the past, where they can see Kyu and Myu's home, which have many other dinosaurs inhabiting it. This causes some trouble for everyone, as they try to stay safe. Along the way, there is a group of mysterious foes who hope to steal Kyu and Myu from Nobita."
Minari,Drama,"English, Korean","English, Chinese",2021-03-11,115,"Steven Yeun, Yeri Han, Alan Kim, Noel Kate Cho, Scott Haze, Yuh-Jung Youn, Will Patton",Lee Isaac Chung,GVP,"A tender and sweeping story about what roots us, Minari follows a Korean American family that moves to a tiny Arkansas farm in search of their own American Dream. The family home changes completely with the arrival of their sly, foul-mouthed, but incredibly loving grandmother. Amidst the instability and challenges of this new life in the rugged Ozarks, Minari shows the undeniable resilience of family and what really makes a home. Winner of the top prize at the prestigious 2020 Sundance Film Festival - Grand Jury Prize, U.S. Dramatic Audience Award. Certified Fresh on Rotten Tomatoes."
Promising Young Woman,Thriller,English,Chinese,2021-03-18,114,"Carey Mulligan, Bo Burnham, Alison Brie, Connie Britton, Adam Brody, Jennifer Coolidge",Emerald Fennell,UNI,"From visionary director Emerald Fennell (Killing Eve) comes a delicious new take on revenge. Everyone said Cassie (Carey Mulligan) was a promising young woman ... until a mysterious event abruptly derailed her future. But nothing in Cassie’s life is what it appears to be: she’s wickedly smart, tantalizingly cunning, and she’s living a secret double life by night. Now, an unexpected encounter is about to give Cassie a chance to right the wrongs of the past in this thrilling and wildly entertaining story."
Disney/Pixar's Soul,Animation,English,Chinese,2020-12-25,106,"Jamie Foxx, Tina Fey, Phylicia Rashad, Ahmir Questlove Thompson, Daveed Diggs",Pete Docter,WDS,"Directed by two-time Academy Award-winner Pete Docter, co-directed by Kemp Powers and produced by Academy Award-nominee Dana Murray, Disney and Pixar's ""Soul"" opens in theaters on June 19, 2020. According to Docter, the idea for the story is 23 years in the making. ""It started with my son-hes 23 now-but the instant he was born, he already had a personality,"" says Docter. ""Where did that come from? I thought your personality developed through your interaction with the world. And yet, it was pretty clear that we're all born with a very unique, specific sense of who we are"". "
Demon Slayer: Kimetsu No Yaiba The Movie-Mugen Train,Animation,Japanese,"English, Chinese",2020-11-12,116,"Natsuki Hanae, Akari Kito, Daisuke Hirakawa, Hiro Shimono, Satoshi Hino, Yoshitsugu Matsuoka",Haruo Sotozaki,Odex,"Falling forever into an endless dream… Tanjiro and the group have completed their rehabilitation training at the Butterfly Mansion, and they arrive to their next mission on the Mugen Train, where over 40 people have disappeared in a very short period of time. Tanjiro and Nezuko, along with Zenitsu and Inosuke, join one of the most powerful swordsmen within the Demon Slayer Corps, Flame Hashira Kyojuro Rengoku, to face the demon aboard the Mugen Train on track to despair."
Disney’s Raya And The Last Dragon,Animation/ Adventure/ Family,English,Chinese,2021-03-05,114,"Kelly Marie Tran, Awkwafina","Don Hall, Carlos López Estrada",WDS,"Long ago, in the fantasy world of Kumandra, humans and dragons lived together in harmony. But when an evil force threatened the land, the dragons sacrificed themselves to save humanity. Now, 500 years later, that same evil has returned and it's up to a lone warrior, Raya, to track down the legendary last dragon to restore the fractured land and its divided people. However, along her journey, she'll learn that it'll take more than a dragon to save the world- it's going to take trust and teamwork as well."
Nomadland,Drama,English,Chinese,2021-03-18,108,"Frances McDormand, David Strathairn, Linda May, Charlene Swankie, Bob Wells, Gay DeForest, Patricia Grier",Chloé Zhao,WDS,"A woman in her sixties who, after losing everything in the Great Recession, embarks on a journey through the American West, living as a van-dwelling modern-day nomad."
Gintama: The Very Final,Animation/ Action/ Comedy,Japanese,"English, Chinese",2021-03-18,104,"Tomokazu Sugita, Daisuke Sakaguchi, Rie Kugimiya",Chizuru Miyawaki,GVP,"The things I want to protect, are right here (in the spirit)! The countdown to the destruction of the earth! All people join hands together, to win back the nation of samurai! Counting down to the destruction of the earth, Gintoki, Takasugi, Katsura are shuttling across places with clashing thoughts. However, there is someone who has sorrowful connections with them, standing in the way…… ‘Utsuro’, who has a different personality from Shoyo Yoshida, the greatly respected teacher who guided the way of Gintoki’s clan. To help Gintoki’s clan, Shinpachi, Kagura, Shinsengumi, residents in Kabuki district and even old rivals are taking part in the battle! With Utsuro’s power gradually self-multiplying, Takasugi is betting his own life to confront him. The final scenery which black-and-blue Gintoki would see is…! Will Gintoki be able to claim all the things back..?"
Godzilla Vs. Kong,Action/ Adventure/ Thriller,English,Chinese,2021-03-24,113,"Alexander Skarsgård, Millie Bobby Brown, Rebecca Hall, Brian Tyree Henry, Shun Oguri, Eiza González, Julian Dennison, Kyle Chandler, Demián Bichir",Adam Wingard,WB,"Legends collide in “Godzilla vs. Kong” as these mythic adversaries meet in a spectacular battle for the ages, with the fate of the world hanging in the balance. Kong and his protectors undertake a perilous journey to find his true home, and with them is Jia, a young orphaned girl with whom he has formed a unique and powerful bond. But they unexpectedly find themselves in the path of an enraged Godzilla, cutting a swath of destruction across the globe. The epic clash between the two titans—instigated by unseen forces—is only the beginning of the mystery that lies deep within the core of the Earth."
Nobody,Action/ Thriller,English,Chinese,2021-04-22,92,"Bob Odenkirk, Connie Nielsen, RZA, Aleksey Serebryakov, Christopher Lloyd",Ilya Naishuller,UNI,"Sometimes the man you don’t notice is the most dangerous of all. Emmy winner Bob Odenkirk (Better Call Saul, The Post, Nebraska) stars as Hutch Mansell, an underestimated and overlooked dad and husband, taking life’s indignities on the chin and never pushing back. A nobody. When two thieves break into his suburban home one night, Hutch declines to defend himself or his family, hoping to prevent serious violence. His teenage son, Blake (Gage Munroe, The Shack), is disappointed in him and his wife, Becca (Connie Nielsen, Wonder Woman), seems to pull only further away. The aftermath of the incident strikes a match to Hutch’s long-simmering rage, triggering dormant instincts and propelling him on a brutal path that will surface dark secrets and lethal skills. In a barrage of fists, gunfire and squealing tires, Hutch must save his family from a dangerous adversary (famed Russian actor Aleksey Serebryakov, Amazon’s McMafia)—and ensure that he will never be underestimated as a nobody again."
Mortal Kombat,Action/ Adventure,English,Chinese,2021-04-08,,"Lewis Tan, Jessica McNamee, Josh Lawson, Tadanobu Asano, Mehcad Brooks, Ludi Lin, Chin Han, Hiroyuki Sanada, Joe Taslim",Simon McQuoid,WB,"The new fantasy-action Mortal Kombat is the third film inspired by the video game, following 1995’s Mortal Kombat and 1997’s Mortal Kombat Annihilation. Will be directed by first-time filmmaker Simon McQuoid and Produced by James Wan. No details on cast or storyline revealed."
Marvel Studios' Black Widow,Action/ Adventure,English,Chinese,2021-04-29,,"Scarlett Johansson, Florence Pugh, David Harbour, Rachel Weisz",Cate Shortland,WDS,"Scarlett Johansson reprises her role as Natasha/Black Widow in Marvel Studios' action-packed spy thriller Black Widow- the first film in Phase Four of the Marvel Cinematic Universe. Florence Pugh stars as Yelena, David Harbour as Alexei aka The Red Guardian and Rachel Weisz as Melina. Directed by Cate Shortland and produced by Kevin Feige."
Fatherhood,Drama,English,Chinese,2021-05-13,,"Paul Alexander Désiré, Rodney Alexandre, Christine Lan, Letitia Brookes",Paul Weitz,SPR,A father brings up his baby girl as a single dad after the unexpected death of his wife who died a day after their daughter's birth.
Free Guy,Action/ Comedy,English,Chinese,2021-05-20,,"Ryan Reynolds, Jodie Comer, Joe Keery, Lil Rel Howery, Utkarsh Ambudkar, Taika Waititi",Shawn Levy,WDS,"In ""Free Guy"", a bank teller who discovers he is actually a background player in an open-world video game, decides to become the hero of his own story- one he rewrites himself. Now in a world where there are no limits, he is determined to be the guy who saves his world his way- before it is too late. Starring Ryan Reynolds, Jodie Comer, Joe Keery, Lil Rel Howery, Utkarsh Ambudkar and Taika Waititi, ""Free Guy"" is directed by Shawn Levy from a story by Matt Lieberman and a screenplay by Lieberman and Zak Penn. The film is produced by Ryan Reynolds, Shawn Levy, Greg Berlanti, Sarah Schechter and Adam Kolbrenner with Mary McLaglen, Josh McLaglen, George Dewey, Dan Levine and Michael Riley McGrath serving as executive producers."
Fast & Furious 9,Action/ Adventure,English,Chinese,2021-05-27,,"Vin Diesel, Michelle Rodriguez, John Cena, Jordana Brewster, Tyrese Gibson, Ludacris, Nathalie Emmanuel",Justin Lin,UNI,"Vin Diesel's Dom Toretto is leading a quiet life off the grid with Letty and his son, little Brian, but they know that danger always lurks just over their peaceful horizon. This time, that threat will force Dom to confront the sins of his past if hes going to save those he loves most. His crew joins together to stop a world-shattering plot led by the most skilled assassin and high-performance driver they've ever encountered: a man who also happens to be Dom's forsaken brother, Jakob (John Cena, next year's The Suicide Squad)."
The Conjuring 3: The Devil Made Me Do It,Horror,English,Chinese,2020-09-10,,"Patrick Wilson, Vera Farmiga, Ruairi O'Connor",Michael Chaves,WB,"“The Conjuring: The Devil Made Me Do It” reveals a chilling story of terror, murder and unknown evil that shocked even experienced real-life paranormal investigators Ed and Lorraine Warren. One of the most sensational cases from their files, it starts with a fight for the soul of a young boy, then takes them beyond anything they’d ever seen before, to mark the first time in U.S. history that a murder suspect would claim demonic possession as a defense."
Peter Rabbit 2: The Runaway,Animation,English,Chinese,2021-06-10,,"James Corden, Rose Byrne, Domhnall Gleeson, David Oyelowo, Elizabeth Debicki, Margot Robbie",Will Gluck,SPR,"In PETER RABBIT 2: THE RUNAWAY, the lovable rogue is back. Bea, Thomas, and the rabbits have created a makeshift family, but despite his best efforts, Peter can’t seem to shake his mischievous reputation. Adventuring out of the garden, Peter finds himself in a world where his mischief is appreciated, but when his family risks everything to come looking for him, Peter must figure out what kind of bunny he wants to be."
In The Heights,Drama/ Musical,English,Chinese,2021-06-17,,"Anthony Ramos, Corey Hawkins, Leslie Grace, Melissa Barrera, Olga Merediz, Daphne Rubin-Vega, Gregory Diaz IV, Stephanie Beatriz, Dascha Polanco, Jimmy Smits",Jon M. Chu,WB,"The creator of “Hamilton” and the director of “Crazy Rich Asians” invite you to the event of the summer, where the streets are made of music and little dreams become big... “In the Heights.” Lights up on Washington Heights...The scent of a cafecito caliente hangs in the air just outside of the 181st Street subway stop, where a kaleidoscope of dreams rallies this vibrant and tight-knit community. At the intersection of it all is the likeable, magnetic bodega owner Usnavi (Anthony Ramos), who saves every penny from his daily grind as he hopes, imagines and sings about a better life."
Minions: The Rise Of Gru,Animation,English,Chinese,2020-06-24,,"Steve Carell, Taraji P. Henson, Michelle Yeoh, Jean-Claude Van Damme, Lucy Lawless, Dolph Lundgren, Danny Trejo, Russell Brand, Julie Andrews, Alan Arkin",Kyle Balda,UNI,"From the biggest animated franchise in history and global cultural phenomenon comes the untold story of one 12-year-old’s dream to become the world’s greatest supervillain. In the 1970s, Gru (Steve Carell) is growing up in the suburbs. A fanboy of a supervillain supergroup known as the Vicious 6, Gru hatches a plan to become evil enough to join them, with the backup of his followers, the Minions. When the Vicious 6 oust their leader, Gru interviews to become their newest member. It doesn’t go well (to say the least), and Gru suddenly finds himself the mortal enemy of the apex of evil."
Top Gun: Maverick,Action/ Adventure,English,Chinese,2021-07-01,,"Tom Cruise, Miles Teller, Jennifer Connelly, Jon Hamm, Glen Powell, Lewis Pullman, Ed Harris",Joseph Kosinski,PAR,"After more than thirty years of service as one of the Navy's top aviators, Pete ""Maverick"" Mitchell (Tom Cruise) is where he belongs, pushing the envelope as a courageous test pilot and dodging the advancement in rank that would ground him. When he finds himself training a detachment of Top Gun graduates for a specialized mission the likes of which no living pilot has ever seen, Maverick encounters Lt. Bradley Bradshaw (Miles Teller), call sign ""Rooster"", the son of Maverick's late friend and Radar Intercept Officer Lt. Nick Bradshaw, aka ""Goose"". Facing an uncertainfuture and confronting the ghosts of his past, Maverick is drawn into a confrontation with his own deepest fears, culminating in a mission that demands the ultimate sacrifice from those who will be chosen to fly it."
Saina,Biography,Hindi,English,2021-03-26,137,"Parineeti Chopra, Paresh Rawal, Manav Kaul",Amole Gupte,VD,"The film Saina traces the journey of India’s former World Number 1 badminton player, Saina Nehwal, from her early days in a tiny town of Haryana, to immense success in the arena of international badminton, including an Olympic medal, several Super Series wins and three Commonwealth Gold medals."
Sulthan,Action/ Drama/ Romance,Tamil,English,2021-04-02,,"Karthi, Rashmika Mandanna, Napoleon, Lal, Yogi Babu",Bakkiyaraj Kannan,HSE,"When the protagonist is left with 100 goons after his father’s demise, he is stuck between their path of violence and his passion. What’s his choice and how he handles the situation is the story of this comedy filled action family entertainer."
The Reason I Jump,Documentary,English,English,2021-04-01,82,,Jerry Rothwell,GVP,"Based on the best-selling book by Naoki Higashida, THE REASON I JUMP is an immersive cinematic exploration of neurodiversity through the experiences of nonspeaking autistic people from around the world. The film blends Higashida's revelatory insights into autism, written when he was just 13, with intimate portraits of five remarkable young people. It opens a window for audiences into an intense and overwhelming, but often joyful, sensory universe. Moments in the lives of each of the characters are linked by the journey of a young Japanese boy through an epic landscape; narrated passages from Naoki’s writing reflect on what his autism means to him and others, how his perception of the world differs, and why he acts in the way he does: the reason he jumps. The film distils these elements into a sensually rich tapestry that leads us to Naoki’s core message: not being able to speak does not mean there is nothing to say."
The Box,Drama/ Musical,Korean,"English, Chinese",2021-04-01,94,"Park Chan-yeol, Cho Dal-hwan",Yang Jeong-woong,GVP,"The jukebox musical film tells the story of Ji Hoon (Chanyeol), a talented musician that can only perform wearing a box over his head, and Min Soo (Jo Dal Hwan), a producer that values success before anything else. The intrigue builds as to how they will grow together throughout the film while on their busking journey."
"Hi, Mom 你好，李焕英",Comedy,Mandarin,"English, Chinese",2021-04-01,129,"Jia Ling, Shen Teng, Zhang Xiaofei, Chen He",Jia Ling,GVP,"The All Time No. 1 Comedy in China. University student Jia Xiaoling is absolutely shattered after hearing that her mother has passed away in an accident. Xiaoling blames herself for not being a good daughter. In a state of emotional crisis, she finds herself magically transported back in time to 1981, where she meets a younger version of her mother, Li Huanying. The two quickly become inseparable, like best friends. Xiaoling is determined to improve her mother’s life by using insights from the future, but her plans repeatedly go awry. She soon finds herself making changes that could prove costly."
Voyagers,Sci-Fi/ Thriller/ Euphoric,English,Chinese,2021-04-08,110,"Tye Sheridan, Lily-Rose Depp, Fionn Whitehead, Chanté Adams, Isaac Hempstead Wright, Viveik Kalra, Archie Madekwe, Quintessa Swindell, Madison Hu, Colin Farrell",Neil Burger,GVP,"With the future of the human race at stake, a group of young men and women, bred for intelligence and obedience, embark on an expedition to colonize a distant planet. But when they uncover disturbing secrets about the mission, they defy their training and begin to explore their most primitive natures. As life on the ship descends into chaos, they’re consumed by fear, lust, and the insatiable hunger for power. Written and directed by Neil Burger (Limitless, The Illusionist), the film stars Tye Sheridan (The X-Men franchise), Lily-Rose Depp (The King), Fionn Whitehead (Dunkirk), Chanté Adams (Roxanne, Roxanne), Isaac Hempstead Wright (“Game of Thrones”), Viveik Kalra (Blinded by the Light), Archie Madekwe (Midsommar), Quintessa Swindell (“Trinkets”), Madison Hu (“Bizaardvark”), and Colin Farrell (The Gentlemen). "
Seobok,Drama/ Sci-fi,Korean,"English, Chinese",2021-04-15,115,"Gong Yoo, Park Bo Gum, Jo Woo Jin, Jang Young Nam, Park Byung Eun",Lee Yong Zoo,GVP,"Former intelligence agent Ki-hun, who lives a secluded life as a result of a traumatic memory, is entrusted by his former boss with a secret mission to transfer humanity’s first cloned human, called Seobok, to a safe location. However, the mission goes awry when the convoy is ambushed by unknown attackers. Ki-hun and Seobok manage to escape together, but struggle awaits them around every corner as Seobok has spent his entire life in a lab and is fascinated by the outside world while Ki-hun only wants to complete his mission as soon as possible. As the two repeatedly butt heads, various groups with conflicting agendas chase after Seobok, who is humanity’s greatest salvation but also its greatest threat. When the enemy finally closes in, Ki-hun and Seobok are forced to make the inevitable choice. "
The Unholy,Supernatural Horror,English,Chinese,2021-04-15,90,"Jeffrey Dean Morgan, Katie Aselton, William Sadler, Cricket Brown, Diogo Morgado, Cary Elwes",Evan Spiliotopoulos,SPR,"Be careful who you pray to.... On the holiest weekend of the year comes The Unholy, which follows Alice, a young hearing- impaired girl who, after a supposed visitation from the Virgin Mary, is inexplicably able to hear, speak and heal the sick. As word spreads and people from near and far flock to witness her miracles, a disgraced journalist (Jeffrey Dean Morgan) hoping to revive his career visits the small New England town to investigate. When terrifying events begin to happen all around, he starts to question if these phenomena are the works of the Virgin Mary or something more sinister. The Unholy is produced by Sam Raimi, Rob Tapert and Evan Spiliotopoulos, written for the screen and directed by Evan Spiliotopoulos, and is based upon James Herbert’s best-selling book Shrine."
Disney/Pixar's Luca,Animation,English,Chinese,2021-06-17,,"Jacob Tremblay, Jack Dylan Grazer, Emma Berman, Maya Rudolph, Marco Barricell, Jim Gaffigan",Enrico Casarosa,WDS,"Set in a beautiful seaside town on the Italian Riviera, Disney and Pixar's original feature film ""Luca"" is a coming-of-age story about one young boy experiencing an unforgettable summer filled with gelato, pasta and endless scooter rides. Luca shares these adventures with his newfound best friend, but all the fun is threatened by a deeply-held secret: they are sea monsters from another world just below the water's surface. Directed by Academy Award nominee Enrico Casarosa (""La Luna"") and produced by Andrea Warren (""Lava"", ""Cars 3""), ""Luca"" releases Summer 2021."
Disney's Cruella,Action/ Adventure/ Drama,English,Chinese,2021-06-03,,"Emma Stone, Emma Thompson",Craig Gillespie,WDS,"Academy Award winner Emma Stone (""La La Land"") stars in Disney's ""Cruella,"" an all-new live-action feature film about the rebellious early days of one of cinemas most notorious - and notoriously fashionable - villains, the legendary Cruella de Vil. ""Cruella,"" which is set in 1970s London amidst the punk rock revolution, follows a young grifter named Estella, a clever and creative girl determined to make a name for herself with her designs. She befriends a pair of young thieves who appreciate her appetite for mischief, and together they are able to build a life for themselves on the London streets. One day, Estella's flair for fashion catches the eye of the Baroness von Hellman, a fashion legend who is devastatingly chic and terrifyingly haute, played by two-time Oscar winner Emma Thompson (""Howards End"", ""Sense & Sensibility""). But their relationship sets in motion a course of events and revelations that will cause Estella to embrace her wicked side and become the raucous, fashionable and revenge-bent Cruella."
A Quiet Place Part II,Horror/ Thriller,English,Chinese,2021-06-10,,"Emily Blunt, Cillian Murphy, Millicent Simmonds, Noah Jupe",John Krasinski,PAR,"Following the events at home, the Abbott family now face the terrors of the outside world. Forced to venture into the unknown, they realize that the creatures that hunt by sound are not the only threats that lurk beyond the sand path."
The Mauritanian,Drama/ Thriller,English,,2021-04-08,130,"Tahar Rahim, Jodie Foster, Shailene Woodley, Benedict Cumberbatch, Zachary Levi",Kevin Macdonald,SB,"THE MAURITANIAN follows the remarkable true story of Mohamedou Ould Slahi (Tahar Rahim) who was captured by the U.S. government and imprisoned for years without trial at Guantanamo Bay (GTMO). It is an inspiring account of survival against all odds as Slahi, in his fight for freedom, finds allies in defence attorney Nancy Hollander (Jodie Foster) and her associate Teri Duncan (Shailene Woodley). Through Nancy and Teri’s controversial advocacy and evidence uncovered by formidable military prosecutor Lieutenant Colonel Stuart Couch (Benedict Cumberbatch), a shocking and far-reaching conspiracy is revealed. THE MAURITANIAN is a commentary on the importance of the Rule of Law and extremism of all kinds, but is also a tender, funny, uplifting film about Mohamedou, an extraordinary man whose humanity triumphed, leaving those around him profoundly changed."
Nayattu,Thriller,Malayalam,English,2021-04-09,123,"Kunchacko Boban, Joju George, Nimisha Sajayan, Anil Nedumangadu",Martin Prakkatt,Coliseum,"“Sometimes the hunter becomes the hunted"" !!! Director Martin Prakkatt has 100 % success rate in his directorial Career. His last move CHARLIE was a huge hit. And after 4 years he is directing a movie called NAYATTU. He has roped in a dream team this time which made NAYATTU the most anticipated movie in Mollywood."
Vakeel Saab,Drama,Telugu,English,2021-04-09,154,"Pawan Kalyan, Shruthi Hasan, Prakash Raj, Nivetha Thomas, Anjali , Ananya Nagalla",Venu Sri Ram,MIM,Vakeel Saab is a drama film revolving around a criminal lawyer and three young women who are implicated in a crime. The lawyer steps forward to help them clear their names.
Karnan,Action/ Drama,Tamil,English,2021-04-09,157,"Dhanush, Lal Paul, Natarajan Subramaniam, Yogi Babu, Rajisha Vijayan, Gouri G. Kishan, Lakshmi Priyaa Chandramouli",Mari Selvaraj,HSE,The movie follows the life of a youngster who aspires to join the army but his dreams are shattered due to unprecedented events. The rest of the movie is about the life-altering struggles he faces.
The Suicide Squad,Action/ Adventure,English,Chinese,2021-07-29,,"Margot Robbie, Jai Courtney, Joel Kinnaman, Viola Davis, John Cena, Pete Davidson, Michael Rooker, Sean Gunn, Idris Elba",James Gunn,WB,"Welcome to hell—a.k.a. Belle Reve, the prison with the highest mortality rate in the US of A. Where the worst Super-Villains are kept and where they will do anything to get out—even join the super-secret, super-shady Task Force X. Today’s do-or-die assignment? Assemble a collection of cons, including Bloodsport, Peacemaker, Captain Boomerang, Ratcatcher 2, Savant, King Shark, Blackguard, Javelin and everyone’s favorite psycho, Harley Quinn. Then arm them heavily and drop them (literally) on the remote, enemy-infused island of Corto Maltese. Trekking through a jungle teeming with militant adversaries and guerrilla forces at every turn, the Squad is on a search-and-destroy mission with only Colonel Rick Flag on the ground to make them behave...and Amanda Waller’s government techies in their ears, tracking their every movement. And as always, one wrong move and they’re dead (whether at the hands of their opponents, a teammate, or Waller herself). If anyone’s laying down bets, the smart money is against them—all of them."
The Father,Drama,English,Chinese,2021-04-15,97,"Anthony Hopkins, Imogen Poots, Rufus Sewell, Olivia Colman",Florian Zeller,SB,"Anthony is 81 years old. He lives alone in his London apartment and refuses all of the nurses that his daughter, Anne, tries to impose upon him. Yet such a necessity is becoming more and more pressing for her, as she can’t see him every day anymore: she has taken the decision to move to Paris to live with a man she has just met… But if such is the case, then who is this stranger who suddenly bursts into Anthony’s living room, claiming to be married to Anne for over ten years? And why is he claiming with such conviction that they are at the supposed married couple’s home, and not his? Is Anthony losing his mind? Yet he recognizes the place: it is indeed his apartment, and only just the night before was Anne reminding him of her divorce… And didn’t she decide to go and live in Paris? Then why is she now insisting that this was never the case? There seems to be something going around, as if the world, for a moment, has ceased to be logical. Unless his daughter, and her new companion, are the ones trying to make him appear as crazy? Is their objective in fact to rob him of his apartment? Do they want to get rid of him? And where is Lucy, his other daughter? Astray in a labyrinth of answerless questions, Anthony desperately attempts to understand what is going on around him. THE FATHER is about the painful trajectory of a man whose reality crumbles little by little before our eyes. Yet it is also the story of Anne, his daughter, who faces an equally painful dilemma: what must she do with her father? Should she take him with her, even if that means compromising her life with Paul? Does she have the right to live her own life? What happens when one must become parent of one’s own parents?"
Casino Royale,"Action/ Thriller
",English,,2021-04-15,144,"Daniel Craig, Eva Green, Mads Mikkelsen, Judi Dench",Martin Campbell,Park Circus,"After becoming a 007 agent, James Bond hunts down a bomb maker in Madagascar, which leads him to shady financier Alex Dimitrios in the Bahamas, and then to a plot to blow up the prototype Skyfleet airliner at Miami Airport. Now on the verge of bankruptcy, Le Chiffre sets up a high-stakes poker game in Montenegro to win back the lost money. Bond attends with Treasury agent Vesper Lynd and wins, but Le Chiffre kidnaps Lynd and tortures Bond in an attempt to regain the winnings. They are saved when Mr White, a senior figure in terrorist organisation QUANTUM, kills Le Chiffre. In love with Lynd, Bond resigns from MI6 and travels to Venice with her. There, he realises she has betrayed him and stolen the money. A series of events ensues, culminating in Bond pursuing and shooting White, and then introducing himself: “The name’s Bond, James Bond”. "
Late Shift,Interactive Thriller/ Crime/ Heist,English,English,2021-04-22,97,"Joe Sowerbutts, Haruka Abe, Joel Basman, Lily Travers",Tobias Weber,GV,"Cinematic storytelling takes a new twist as ‘Late Shift’, the world’s first truly interactive movie experience, launches across festivals and selected cinemas. Developed by CtrlMovie, and using technology of the same name, ‘Late Shift’ is a brand new, world-first experience that borrows from both film and game worlds, and allows the viewer to literally rewrite film history by choosing the fate of the on-screen protagonist, using an app. ‘Late Shift’ breaks down the boundaries of traditional film making by putting the audience in control of countless adaptable storylines that can lead to one of seven conclusions, with hundreds of decisions to make along the way. Matt, a smart student, has to prove his innocence after being forced into the robbery of a famous London auction house. How will the audience decide to act when everything is turning against him? The audience takes decisions for the interactive thriller’s hero while the movie keeps on running seamlessly."
The Hypnosis,Horror/ Thriller,Korean,"English, Chinese",2021-04-22,85,"David Lee, Johyun, Kim Do-hoon, Nam Min-woo, Kim Nam-woo",Choi Jae-hoon,GVP,"It feels like someone is controlling me! Do-hyun (David Lee), is a dedicated English major who enjoys his college life. One day, Professor Yeo (Seo Yi-sook) asks Do-hyun to help a newly transferred student who is undergoing psychological treatment. Through this, Do-hyun meets Professor Choi (Son Byung-ho) and undergoes hypnosis. When he wakes up from being hypnotized, Do-hyun begins to have visions of unknown memories. Meanwhile, his friends also face mysterious incidents and suffer from strange hallucinations. Don’t trust what you see! With repeated mysterious events and strange afterimages from nightmares, Do-hyun and his friends wonder why Professor Choi started hypnotizing them. What is the horrifying reality that is happening to Do-hyun and his friends? The truth is in the lost memories!"
Dad! I'm Sorry,Comedy,Vietnamese,"English, Chinese",2021-04-22,128,"Tran Thanh, Ngoc Giau, Le Giang, La Thanh, Tuan Tran","Tran Thanh, Vu Ngoc Dang",GVP,"DAD, I’M SORRY is the story of Ba Sang – the second of the 4 noisy siblings: Giau, Sang, Phu, Quy. Quy is a meddler, “too” kind and always sacrifice for others despite they want it or not. Quan – Ba Sang’s son is a modern young Youtuber. Quan loves his father and baby sister but in a rough way. Witnessing his father and baby sister are bullied, Quan often fights with Ba Sang. Continuous fights between father and son have led to a cracking relationship. Each generation has its own way of thinking. Are you sure you have stepped into others’ shoes before walking? The movie gives us a multifaceted perspective about family through the destinies of each character and the way they lead their lives. "
Game Changer,Comedy,Thai,"English, Chinese",2021-04-22,102,"Pitawat Prusakit, Isara Kitnitchee, Sim Kyutae, Khunnapat Pichetworawut, Ploypailin Tangpraphaporn, Naymyo Thant",Tiwa Moeithaisong,GVP,"The city is overrun by competing gangs of mafia. Each of them runs a different kind of racket, and all of them are hungry for money and power. But because of BOSS, they co-exist in a sort of peaceful agreement: Boss collects dirty money from every gang, manages it for everyone’s interest, and finds a balance between law and lawlessness. TEE, KID, SIM and TUEK have come from anonymous background, but they’re Boss’s closest aides. The game changing point arrives when Boss dies unexpectedly, and the four of them now want to take over his rule. They decide to keep Boss’s death a secret and continue to run the rackets as he did. By pretending that Boss is still alive and using his name to collect money from other gangs, the four friends find themselves in a more dangerous situation. Their plan to deceive others is double crossed, and when they think they’re the hunters, they end up being hunted themselves. Will their secret be safe from the outlaws as well as the law enforcers? The game has changed, but how can they keep it under control? "
Nizhal,Drama/ Thriller,Malayalam,English,2021-04-23,121,"Nayanthara, Kunchacko Boban, Divya Prabha",Appu N.Bhattathiri,,"A kid who is hardly seven years old narrates a gruesome murder story that shocks all his listeners. Meanwhile, there is John Baby, going through post-traumatic stress after a motor accident. After a chain of events, both meets."
Wrath Of Man,Action/ Thriller,English,Chinese,2021-04-29,120,"Jason Statham, Josh Hartnett, Scott Eastwood, Jeffrey Donovan, Holt McCallany, Laz Alonso",Guy Ritchie,GVP,"Guy Ritchie (Director) and Jason Statham reunite for a new, heart pounding action thriller. A mysterious and wild-eyed new cash truck security guard (Jason Statham) surprises his coworkers during a heist in which he unexpectedly unleashes precision skills. The crew is left wondering who he is and where he came from. Soon, the marksman’s ultimate motive becomes clear as he takes dramatic and irrevocable steps to settle a score."
"Josee, The Tiger And The Fish",Drama/ Romance,Japanese,"English, Chinese",2021-04-29,98,"Taishi Nakagawa, Kaya Kiyohara",Kotaro Tamura,GVP,"Josee is a girl who loves painting and reading books. She is a wheelchair user. Living together with her old grandmother, Josee never really lived life outside her house. She finally decides to jump out into the curious world when she meets Tsuneo, a university student studying marine biology. At first, Josee and Tsuneo don’t get along. However, Josee overcomes her shyness and opens her heart after having many experiences for the first time. The first trip to the beach, the first shopping experience, the first friend with mutual hobbies, etc… Gradually, Josee and Tsuneo develop affection toward each other. By falling in love, Josee begins to understand society, discovers her own potential and hope in life. In the meantime, Tsuneo gets involved in a traffic accident which forces him to give up his plan for studying abroad. Josee begins to draw a picture book on a drawing paper for Tsuneo, and for herself…"
Great White,Horror/ Thriller,English,Chinese,2021-05-13,91,"Katrina Bowden, Aaron Jakubenko, Kimie Tsukakoshi, Tim Kano, Te Kohe Tuhaka",Martin Wilson,GVP,A blissful tourist trip quickly turns into a nightmare when five passengers on a seaplane become stranded miles from shore. In a desperate bid for survival the group try to make it to land before they either run out of supplies or are taken by a menacing terror lurking just beneath the surface